-------------- SMFI            0xF01000  (1000) --------------
	00 01 02 03 04 05 06 07 08 09 0A 0B 0C 0D 0E 0F

1000    00 bf 00 00 00 00 00 7f 00 00 00 00 00 00 00 00 
1010    00 00 00 00 00 00 00 00 00 00 00 00 00 00 00 00 
1020    08 00 00 00 00 00 00 00 00 00 00 00 00 00 00 00 
1030    17 1e 03 00 00 00 84 00 00 00 00 00 00 00 00 11 
1040    00 00 0f 00 00 0f 00 00 00 00 00 00 00 00 00 3c 
1050    fb 00 3e bb 00 9e f0 ff 00 30 03 00 80 07 07 00 
1060    00 ff ff 01 00 00 00 00 00 00 00 ff ff 00 00 00 
1070    3d b9 00 1f 7c 00 00 00 00 00 00 00 00 00 00 00 
1080    0e 68 00 00 00 00 00 00 00 00 00 00 00 00 00 00 
1090    00 00 00 00 00 00 00 00 00 00 00 00 00 00 00 00 
10A0    00 0f 00 00 00 00 00 00 20 ff 00 01 00 60 00 00 
10B0    00 00 00 04 00 00 00 00 00 00 00 00 05 00 00 00 
10C0    00 00 00 00 00 00 00 00 00 00 00 00 00 00 00 00 
10D0    00 c0 06 00 00 c0 06 00 00 ff fe 80 00 00 00 00 
10E0    00 60 00 00 00 00 00 00 00 00 00 00 00 00 00 00 
10F0    00 00 00 00 00 00 00 00 00 00 00 00 00 00 00 00 

-------------- INTC            0xF01100  (1100) --------------
	00 01 02 03 04 05 06 07 08 09 0A 0B 0C 0D 0E 0F

1100    42 00 02 90 10 00 00 43 00 00 1c 60 00 00 00 00 
1110    10 00 02 00 00 00 ff 00 ff 00 00 00 c7 00 00 00 
1120    00 04 f7 00 00 28 00 00 06 00 00 00 c0 10 01 00 
1130    53 00 00 00 85 00 00 00 41 00 00 00 ea 00 00 00 
1140    bb 00 00 00 fa 00 00 00 7f 00 00 00 00 00 00 00 
1150    08 02 a0 00 08 00 00 00 bd 00 80 00 07 00 00 00 
1160    f0 00 00 00 01 00 00 00 00 00 00 00 00 00 00 00 
1170    00 00 00 00 00 00 00 00 00 00 00 00 00 00 00 00 
1180    00 00 00 00 00 00 00 00 00 00 00 00 00 00 00 00 
1190    00 00 00 00 00 00 00 00 00 00 00 00 00 00 00 00 
11A0    00 00 00 00 00 00 00 00 00 00 00 00 00 00 00 00 
11B0    00 00 00 00 00 00 00 00 00 00 00 00 00 00 00 00 
11C0    00 00 00 00 00 00 00 00 00 00 00 00 00 00 00 00 
11D0    00 00 00 00 00 00 00 00 00 00 00 00 00 00 00 00 
11E0    00 00 00 00 00 00 00 00 00 00 00 00 00 00 00 00 
11F0    00 00 00 00 00 00 00 00 00 00 00 00 00 00 00 00 

-------------- EC2I             0xF01200  (1200) --------------
	00 01 02 03 04 05 06 07 08 09 0A 0B 0C 0D 0E 0F

1200    01 01 00 00 00 00 00 00 00 00 00 00 00 00 00 00 
1210    00 00 00 00 00 00 00 00 00 00 00 00 00 00 00 00 
1220    00 00 00 00 00 00 00 00 00 00 00 00 00 00 00 00 
1230    00 00 00 00 00 00 00 00 00 00 00 00 00 00 00 00 
1240    00 00 00 00 00 00 00 00 00 00 00 00 00 00 00 00 
1250    00 00 00 00 00 00 00 00 00 00 00 00 00 00 00 00 
1260    00 00 00 00 00 00 00 00 00 00 00 00 00 00 00 00 
1270    00 00 00 00 00 00 00 00 00 00 00 00 00 00 00 00 
1280    00 00 00 00 00 00 00 00 00 00 00 00 00 00 00 00 
1290    00 00 00 00 00 00 00 00 00 00 00 00 00 00 00 00 
12A0    00 00 00 00 00 00 00 00 00 00 00 00 00 00 00 00 
12B0    00 00 00 00 00 00 00 00 00 00 00 00 00 00 00 00 
12C0    00 00 00 00 00 00 00 00 00 00 00 00 00 00 00 00 
12D0    00 00 00 00 00 00 00 00 00 00 00 00 00 00 00 00 
12E0    00 00 00 00 00 00 00 00 00 00 00 00 00 00 00 00 
12F0    00 00 00 00 00 00 00 00 00 00 00 00 00 00 00 00 

-------------- KBC              0xF01300  (1300) --------------
	00 01 02 03 04 05 06 07 08 09 0A 0B 0C 0D 0E 0F

1300    49 00 00 00 14 00 00 00 00 00 20 00 00 00 00 00 
1310    00 00 00 00 00 00 00 00 00 00 00 00 00 00 00 00 
1320    00 00 00 00 00 00 00 00 00 00 00 00 00 00 00 00 
1330    00 00 00 00 00 00 00 00 00 00 00 00 00 00 00 00 
1340    00 00 00 00 00 00 00 00 00 00 00 00 00 00 00 00 
1350    00 00 00 00 00 00 00 00 00 00 00 00 00 00 00 00 
1360    00 00 00 00 00 00 00 00 00 00 00 00 00 00 00 00 
1370    00 00 00 00 00 00 00 00 00 00 00 00 00 00 00 00 
1380    00 00 00 00 00 00 00 00 00 00 00 00 00 00 00 00 
1390    00 00 00 00 00 00 00 00 00 00 00 00 00 00 00 00 
13A0    00 00 00 00 00 00 00 00 00 00 00 00 00 00 00 00 
13B0    00 00 00 00 00 00 00 00 00 00 00 00 00 00 00 00 
13C0    00 00 00 00 00 00 00 00 00 00 00 00 00 00 00 00 
13D0    00 00 00 00 00 00 00 00 00 00 00 00 00 00 00 00 
13E0    00 00 00 00 00 00 00 00 00 00 00 00 00 00 00 00 
13F0    00 00 00 00 00 00 00 00 00 00 00 00 00 00 00 00 

-------------- SWUC          0xF01400  (1400) --------------
	00 01 02 03 04 05 06 07 08 09 0A 0B 0C 0D 0E 0F

1400    8a 00 00 00 01 00 00 00 2e 00 00 00 00 00 00 00 
1410    00 00 00 00 00 00 00 00 00 00 00 00 00 00 00 00 
1420    00 00 00 00 00 00 00 00 00 00 00 00 00 00 00 00 
1430    00 00 00 00 00 00 00 00 00 00 00 00 00 00 00 00 
1440    00 00 00 00 00 00 00 00 00 00 00 00 00 00 00 00 
1450    00 00 00 00 00 00 00 00 00 00 00 00 00 00 00 00 
1460    00 00 00 00 00 00 00 00 00 00 00 00 00 00 00 00 
1470    00 00 00 00 00 00 00 00 00 00 00 00 00 00 00 00 
1480    00 00 00 00 00 00 00 00 00 00 00 00 00 00 00 00 
1490    00 00 00 00 00 00 00 00 00 00 00 00 00 00 00 00 
14A0    00 00 00 00 00 00 00 00 00 00 00 00 00 00 00 00 
14B0    00 00 00 00 00 00 00 00 00 00 00 00 00 00 00 00 
14C0    00 00 00 00 00 00 00 00 00 00 00 00 00 00 00 00 
14D0    00 00 00 00 00 00 00 00 00 00 00 00 00 00 00 00 
14E0    00 00 00 00 00 00 00 00 00 00 00 00 00 00 00 00 
14F0    00 00 00 00 00 00 00 00 00 00 00 00 00 00 00 00 

-------------- PMC             0xF01500  (1500) --------------
	00 01 02 03 04 05 06 07 08 09 0A 0B 0C 0D 0E 0F

1500    08 00 00 00 83 83 41 46 00 00 00 00 00 00 00 00 
1510    08 00 00 00 e1 e1 41 46 00 00 00 00 00 00 00 00 
1520    00 00 00 01 00 00 00 00 00 00 00 00 00 00 00 00 
1530    00 00 00 01 00 00 00 00 00 00 00 00 00 00 00 00 
1540    00 00 00 00 00 00 00 00 00 00 00 00 00 00 00 00 
1550    00 00 00 00 00 00 00 00 00 00 00 00 00 00 00 00 
1560    00 00 00 00 00 00 00 00 00 00 00 00 00 00 00 00 
1570    00 00 00 00 00 00 00 00 00 00 00 00 00 00 00 00 
1580    00 00 00 00 00 00 00 00 00 00 00 00 00 00 00 00 
1590    00 00 00 00 00 00 00 00 00 00 00 00 00 00 00 00 
15A0    00 00 00 00 00 00 00 00 00 00 00 00 00 00 00 00 
15B0    00 00 00 00 00 00 00 00 00 00 00 00 00 00 00 00 
15C0    00 00 00 00 00 00 00 00 00 00 00 00 00 00 00 00 
15D0    00 00 00 00 00 00 00 00 00 00 00 00 00 00 00 00 
15E0    00 00 00 00 00 00 00 00 00 00 00 00 00 00 00 00 
15F0    00 00 00 00 00 00 00 00 00 00 00 00 00 00 00 00 

-------------- GPIO            0xF01600  (1600) --------------
	00 01 02 03 04 05 06 07 08 09 0A 0B 0C 0D 0E 0F

1600    04 e7 df e6 af ed df 45 e1 0b 7a 00 00 5f ff 00 
1610    40 80 40 00 00 80 80 40 80 80 40 80 80 40 40 80 
1620    80 00 00 80 80 80 40 80 80 80 80 80 40 40 00 40 
1630    80 80 40 80 80 40 80 40 80 80 00 00 80 80 00 80 
1640    80 40 80 80 80 80 40 80 40 00 00 40 80 80 80 40 
1650    80 80 84 80 00 00 00 00 40 40 80 40 80 80 40 40 
1660    00 e7 df e6 af ed df 45 67 0b 7a 00 00 6f ff 00 
1670    00 00 00 00 02 00 00 01 40 00 00 00 00 00 00 00 
1680    00 00 00 00 00 00 00 00 00 00 00 00 00 00 00 00 
1690    80 80 80 80 80 80 80 80 80 80 80 80 80 80 80 80 
16A0    06 06 06 06 06 00 80 00 80 80 80 80 80 80 80 80 
16B0    00 00 00 00 00 00 00 00 00 00 00 00 00 00 00 00 
16C0    00 00 38 00 00 00 00 00 00 00 00 00 00 00 00 00 
16D0    00 00 00 00 00 00 00 00 00 01 40 81 00 00 00 00 
16E0    00 00 00 03 01 00 00 80 01 00 00 00 00 00 00 00 
16F0    00 22 40 00 02 0f 80 00 04 00 07 00 00 00 00 00 

-------------- PS/2             0xF01700  (1700) --------------
	00 01 02 03 04 05 06 07 08 09 0A 0B 0C 0D 0E 0F

1700    11 01 01 00 06 00 00 00 03 03 03 00 00 00 00 00 
1710    00 00 00 00 00 00 00 00 00 00 00 00 00 00 00 00 
1720    00 00 00 00 00 00 00 00 00 00 00 00 00 00 00 00 
1730    00 00 00 00 00 00 00 00 00 00 00 00 00 00 00 00 
1740    00 00 00 00 00 00 00 00 00 00 00 00 00 00 00 00 
1750    00 00 00 00 00 00 00 00 00 00 00 00 00 00 00 00 
1760    00 00 00 00 00 00 00 00 00 00 00 00 00 00 00 00 
1770    00 00 00 00 00 00 00 00 00 00 00 00 00 00 00 00 
1780    00 00 00 00 00 00 00 00 00 00 00 00 00 00 00 00 
1790    00 00 00 00 00 00 00 00 00 00 00 00 00 00 00 00 
17A0    00 00 00 00 00 00 00 00 00 00 00 00 00 00 00 00 
17B0    00 00 00 00 00 00 00 00 00 00 00 00 00 00 00 00 
17C0    00 00 00 00 00 00 00 00 00 00 00 00 00 00 00 00 
17D0    00 00 00 00 00 00 00 00 00 00 00 00 00 00 00 00 
17E0    00 00 00 00 00 00 00 00 00 00 00 00 00 00 00 00 
17F0    00 00 00 00 00 00 00 00 00 00 00 00 00 00 00 00 

-------------- PWM            0xF01800  (1800) --------------
	00 01 02 03 04 05 06 07 08 09 0A 0B 0C 0D 0E 0F

1800    2d c8 00 00 00 00 33 00 00 00 00 0d d5 7a 00 00 
1810    00 00 00 00 00 00 00 00 00 00 00 00 00 00 80 03 
1820    00 00 00 02 00 00 00 45 01 00 00 01 00 c6 01 00 
1830    00 00 00 00 00 00 00 00 00 00 00 00 00 00 00 00 
1840    10 c8 c8 c8 00 00 00 00 09 00 00 00 00 00 00 00 
1850    00 00 00 00 00 00 00 00 00 00 00 00 00 00 00 00 
1860    00 00 00 00 00 00 00 00 00 00 00 00 00 00 00 00 
1870    00 00 00 00 00 00 00 00 00 00 00 00 00 00 00 00 
1880    00 00 00 00 00 00 00 00 00 00 00 00 00 00 00 00 
1890    00 00 00 00 00 00 00 00 00 00 00 00 00 00 00 00 
18A0    00 00 00 00 00 00 00 00 00 00 00 00 00 00 00 00 
18B0    00 00 00 00 00 00 00 00 00 00 00 00 00 00 00 00 
18C0    00 00 00 00 00 00 00 00 00 00 00 00 00 00 00 00 
18D0    00 00 00 00 00 00 00 00 00 00 00 00 00 00 00 00 
18E0    00 00 00 00 00 00 00 00 00 00 00 00 00 00 00 00 
18F0    00 00 00 00 00 00 00 00 00 00 00 00 00 00 00 00 

-------------- ADC              0xF01900  (1900) --------------
	00 01 02 03 04 05 06 07 08 09 0A 0B 0C 0D 0E 0F

1900    83 81 15 02 00 80 01 98 02 82 92 00 83 8d 02 00 
1910    00 00 00 00 00 00 00 00 61 02 00 00 fe 03 00 00 
1920    ff ff ff ff 3f ff 7f 00 ff ff 1f ff 08 3e 00 c0 
1930    00 00 32 00 00 00 00 6e 90 03 8a 90 03 8f 90 03 
1940    8f 90 00 18 2e 00 00 00 00 00 00 00 00 00 00 00 
1950    00 00 00 00 04 00 00 00 00 00 00 00 00 00 00 00 
1960    00 00 00 00 00 00 00 00 00 00 00 00 00 00 00 00 
1970    00 00 00 00 00 00 00 00 00 00 00 00 00 00 00 00 
1980    00 00 00 00 00 00 00 00 00 00 00 00 00 00 00 00 
1990    00 00 00 00 00 00 00 00 00 00 00 00 00 00 00 00 
19A0    00 00 00 00 00 00 00 00 00 00 00 00 00 00 00 00 
19B0    00 00 00 00 00 00 00 00 00 00 00 00 00 00 00 00 
19C0    00 00 00 00 00 00 00 00 00 00 00 00 00 00 00 00 
19D0    00 00 00 00 00 00 00 00 00 00 00 00 00 00 00 00 
19E0    00 00 00 00 00 00 00 00 00 00 00 00 00 00 00 00 
19F0    12 00 00 00 00 00 00 00 00 00 00 00 00 00 00 00 

-------------- DAC              0xF01A00  (1A00) --------------
	00 01 02 03 04 05 06 07 08 09 0A 0B 0C 0D 0E 0F

1A00    00 0f 00 00 00 00 00 00 b1 00 00 00 00 00 00 00 
1A10    00 00 00 00 00 00 00 00 00 00 00 00 00 00 00 00 
1A20    00 00 00 00 00 00 00 00 00 00 00 00 00 00 00 00 
1A30    00 00 00 00 00 00 00 00 00 00 00 00 00 00 00 00 
1A40    00 00 00 00 00 00 00 00 00 00 00 00 00 00 00 00 
1A50    00 00 00 00 00 00 00 00 00 00 00 00 00 00 00 00 
1A60    00 00 00 00 00 00 00 00 00 00 00 00 00 00 00 00 
1A70    00 00 00 00 00 00 00 00 00 00 00 00 00 00 00 00 
1A80    00 00 00 00 00 00 00 00 00 00 00 00 00 00 00 00 
1A90    00 00 00 00 00 00 00 00 00 00 00 00 00 00 00 00 
1AA0    00 00 00 00 00 00 00 00 00 00 00 00 00 00 00 00 
1AB0    00 00 00 00 00 00 00 00 00 00 00 00 00 00 00 00 
1AC0    00 00 00 00 00 00 00 00 00 00 00 00 00 00 00 00 
1AD0    00 00 00 00 00 00 00 00 00 00 00 00 00 00 00 00 
1AE0    00 00 00 00 00 00 00 00 00 00 00 00 00 00 00 00 
1AF0    00 00 00 00 00 00 00 00 00 00 00 00 00 00 00 00 

-------------- WUC             0xF01B00  (1B00) --------------
	00 01 02 03 04 05 06 07 08 09 0A 0B 0C 0D 0E 0F

1B00    00 00 00 00 00 1b ff 4d 00 ff 00 00 00 ff ff 00 
1B10    00 c7 ff 00 00 06 ff 00 00 53 ff 00 00 2e ff 00 
1B20    00 0c ff 00 00 52 ff 00 00 df ff 00 00 05 ff 00 
1B30    00 fa ff 00 00 ff ff 00 00 7f ff 00 00 00 00 00 
1B40    00 7c ff 00 00 00 ff 00 00 00 00 00 00 00 00 00 
1B50    00 00 00 00 00 00 00 00 00 00 00 00 00 00 00 00 
1B60    00 00 00 00 00 00 00 00 00 00 00 00 00 00 00 00 
1B70    00 00 00 00 00 00 00 00 00 00 00 00 00 00 00 00 
1B80    00 00 00 00 00 00 00 00 00 00 00 00 00 00 00 00 
1B90    00 00 00 00 00 00 00 00 00 00 00 00 00 00 00 00 
1BA0    00 00 00 00 00 00 00 00 00 00 00 00 00 00 00 00 
1BB0    00 00 00 00 00 00 00 00 00 00 00 00 00 00 00 00 
1BC0    00 00 00 00 00 00 00 00 00 00 00 00 00 00 00 00 
1BD0    00 00 00 00 00 00 00 00 00 00 00 00 00 00 00 00 
1BE0    00 00 00 00 00 00 00 00 00 00 00 00 00 00 00 00 
1BF0    00 00 00 00 00 00 00 00 00 00 00 00 00 00 00 00 

-------------- SMBus          0xF01C00  (1C00) --------------
	00 01 02 03 04 05 06 07 08 09 0A 0B 0C 0D 0E 0F

1C00    00 0d 4e 13 00 00 45 00 00 00 cf 40 00 00 00 00 
1C10    01 00 01 00 00 00 00 00 00 00 00 cf 40 00 00 00 
1C20    00 01 28 25 00 08 00 a5 01 00 01 00 00 00 00 00 
1C30    00 cf 01 00 04 00 1c 00 10 00 00 06 00 0f 11 00 
1C40    02 02 02 02 00 00 80 00 80 00 00 00 00 01 00 01 
1C50    00 00 40 00 00 00 00 00 00 00 00 00 00 00 0a 80 
1C60    21 43 0a 80 00 80 00 00 00 00 00 00 00 00 00 00 
1C70    00 00 00 00 00 00 00 00 00 00 00 00 00 00 00 00 
1C80    00 00 00 00 00 00 00 00 00 00 00 00 00 00 00 00 
1C90    00 00 00 00 00 00 00 00 00 65 00 00 00 00 00 00 
1CA0    00 00 00 00 00 00 00 00 00 0f 00 00 00 00 07 00 
1CB0    00 00 00 00 00 00 00 00 00 0f 00 00 00 00 00 00 
1CC0    00 00 00 00 00 19 19 19 19 19 19 19 19 19 21 30 
1CD0    00 00 00 00 00 00 00 00 00 00 00 00 00 00 00 00 
1CE0    00 00 00 00 00 00 00 00 00 00 00 00 00 00 00 00 
1CF0    00 00 00 00 00 00 00 00 00 00 00 00 00 00 00 00 

-------------- KB Scan        0xF01D00  (1D00) --------------
	00 01 02 03 04 05 06 07 08 09 0A 0B 0C 0D 0E 0F

1D00    00 00 05 00 ff 04 00 00 00 00 00 00 00 00 00 00 
1D10    ff ff ff ff ff ff ff ff ff ff ff ff ff ff ff ff 
1D20    ff ff a2 04 92 02 00 00 00 00 00 40 00 00 00 00 
1D30    00 00 00 00 00 00 00 00 00 00 00 00 00 00 00 00 
1D40    00 00 00 00 00 00 00 00 00 00 00 00 00 00 00 00 
1D50    00 00 00 00 00 00 00 00 00 00 00 00 00 00 00 00 
1D60    00 00 00 00 00 00 00 00 00 00 00 00 00 00 00 00 
1D70    00 00 00 00 00 00 00 00 00 00 00 00 00 00 00 00 
1D80    00 00 00 00 00 00 00 00 00 00 00 00 00 00 00 00 
1D90    00 00 00 00 00 00 00 00 00 00 00 00 00 00 00 00 
1DA0    00 00 00 00 00 00 00 00 00 00 00 00 00 00 00 00 
1DB0    00 00 00 00 00 00 00 00 00 00 00 00 00 00 00 00 
1DC0    00 00 00 00 00 00 00 00 00 00 00 00 00 00 00 00 
1DD0    00 00 00 00 00 00 00 00 00 00 00 00 00 00 00 00 
1DE0    00 00 00 00 00 00 00 00 00 00 00 00 00 00 00 00 
1DF0    00 00 00 00 00 00 00 00 00 00 00 00 00 00 00 00 

-------------- ECPM           0xF01E00  (1E00) --------------
	00 01 02 03 04 05 06 07 08 09 0A 0B 0C 0D 0E 0F

1E00    00 00 00 00 70 51 03 00 00 03 00 00 00 00 00 00 
1E10    00 00 00 00 00 00 00 00 00 00 00 00 00 00 00 00 
1E20    00 01 07 b0 00 69 78 00 00 00 00 00 00 00 00 00 
1E30    00 00 00 00 00 00 00 00 00 00 00 00 00 00 00 00 
1E40    42 c0 00 00 00 00 00 00 71 0b 2f 00 00 02 08 20 
1E50    00 3f 08 00 09 01 0d 00 7d 05 10 96 06 00 00 00 
1E60    00 00 00 00 00 00 00 00 00 00 00 00 00 00 00 00 
1E70    00 00 00 00 00 00 00 00 00 00 00 00 00 00 00 00 
1E80    00 00 00 00 00 00 00 00 00 00 00 00 00 00 00 00 
1E90    00 00 00 00 00 00 00 00 00 00 00 00 00 00 00 00 
1EA0    00 00 00 00 00 00 00 00 00 00 00 00 00 00 00 00 
1EB0    00 00 00 00 00 00 00 00 00 00 00 00 00 00 00 00 
1EC0    00 00 00 00 00 00 00 00 00 00 00 00 00 00 00 00 
1ED0    00 00 00 00 00 00 00 00 00 00 00 00 00 00 00 00 
1EE0    00 00 00 00 00 00 00 00 00 00 00 00 00 00 00 00 
1EF0    00 00 00 00 00 00 00 00 00 00 00 00 00 00 00 00 

-------------- ETWD           0xF01F00  (1F00) --------------
	00 01 02 03 04 05 06 07 08 09 0A 0B 0C 0D 0E 0F

1F00    00 00 00 00 20 4a 0f 00 00 00 00 80 00 00 00 00 
1F10    00 ff ff ff 00 00 a0 00 00 00 00 00 00 00 00 00 
1F20    00 0b 00 00 00 00 00 00 00 00 00 00 00 00 00 00 
1F30    00 00 00 00 00 00 00 00 00 00 00 00 00 00 00 00 
1F40    00 00 00 00 00 00 00 00 00 00 00 00 00 00 00 00 
1F50    00 00 00 00 00 00 00 00 00 00 00 00 00 00 00 00 
1F60    00 00 00 00 00 00 00 00 00 00 00 00 00 00 00 00 
1F70    00 00 00 00 00 00 00 00 00 00 00 00 00 00 00 00 
1F80    00 00 00 00 00 00 00 00 00 00 00 00 00 00 00 00 
1F90    00 00 00 00 00 00 00 00 00 00 00 00 00 00 00 00 
1FA0    00 00 00 00 00 00 00 00 00 00 00 00 00 00 00 00 
1FB0    00 00 00 00 00 00 00 00 00 00 00 00 00 00 00 00 
1FC0    00 00 00 00 00 00 00 00 00 00 00 00 00 00 00 00 
1FD0    00 00 00 00 00 00 00 00 00 00 00 00 00 00 00 00 
1FE0    00 00 00 00 00 00 00 00 00 00 00 00 00 00 00 00 
1FF0    00 00 00 00 00 00 00 00 00 00 00 00 00 00 00 00 

-------------- GCTRL         0xF02000  (2000) --------------
	00 01 02 03 04 05 06 07 08 09 0A 0B 0C 0D 0E 0F

2000    ff fe 04 34 46 00 44 00 00 00 02 00 89 c3 00 00 
2010    13 00 20 00 03 80 14 00 80 00 00 00 00 00 00 80 
2020    00 00 00 00 00 00 00 00 00 00 00 00 00 00 00 00 
2030    01 c5 00 a0 00 00 00 00 47 00 00 00 00 00 00 00 
2040    0f 00 00 00 00 00 10 00 00 00 00 00 00 00 00 00 
2050    00 00 00 00 00 82 00 83 00 04 80 00 00 00 00 00 
2060    00 00 00 e0 01 00 00 00 00 00 00 00 00 00 00 00 
2070    00 00 00 00 00 00 00 00 00 00 00 00 00 00 00 00 
2080    b1 01 01 00 00 05 13 66 00 00 00 00 00 00 00 00 
2090    00 50 00 00 00 00 00 00 00 00 00 00 00 00 00 00 
20A0    00 00 00 00 00 00 00 00 00 00 00 00 00 00 00 00 
20B0    00 00 00 00 00 00 00 00 00 00 00 00 00 00 00 00 
20C0    00 00 00 00 00 00 00 00 00 00 00 00 00 00 00 00 
20D0    00 00 00 00 00 00 00 00 00 00 00 00 00 00 00 00 
20E0    00 00 00 00 00 00 00 00 00 00 00 00 00 00 00 00 
20F0    00 00 00 00 00 00 00 00 00 00 00 00 00 00 06 00 

-------------- EGPC            0xF02100  (2100) --------------
	00 01 02 03 04 05 06 07 08 09 0A 0B 0C 0D 0E 0F

2100    00 00 11 01 00 00 00 00 00 00 ff 00 00 00 00 00 
2110    00 00 00 00 00 00 00 00 00 00 00 00 00 00 00 00 
2120    00 00 00 00 00 00 00 00 00 00 00 00 00 00 00 00 
2130    00 00 00 00 00 00 00 00 00 00 00 00 00 00 00 00 
2140    00 00 00 00 00 00 00 00 00 00 00 00 00 00 00 00 
2150    00 00 00 00 00 00 00 00 00 00 00 00 00 00 00 00 
2160    00 00 00 00 00 00 00 00 00 00 00 00 00 00 00 00 
2170    00 00 00 00 00 00 00 00 00 00 00 00 00 00 00 00 
2180    00 00 00 00 00 00 00 00 00 00 00 00 00 00 00 00 
2190    00 00 00 00 00 00 00 00 00 00 00 00 00 00 00 00 
21A0    00 00 00 00 00 00 00 00 00 00 00 00 00 00 00 00 
21B0    00 00 00 00 00 00 00 00 00 00 00 00 00 00 00 00 
21C0    00 00 00 00 00 00 00 00 00 00 00 00 00 00 00 00 
21D0    00 00 00 00 00 00 00 00 00 00 00 00 00 00 00 00 
21E0    00 00 00 00 00 00 00 00 00 00 00 00 00 00 00 00 
21F0    00 00 00 00 00 00 00 00 00 00 00 00 00 00 00 00 

-------------- Batt.RAM     0xF02200  (2200) --------------
	00 01 02 03 04 05 06 07 08 09 0A 0B 0C 0D 0E 0F

2200    00 00 00 00 00 00 c5 c5 00 00 00 00 00 00 00 00 
2210    00 c5 00 00 00 00 00 00 00 00 00 c5 c5 00 00 00 
2220    00 00 00 00 00 00 c5 00 00 00 00 00 00 00 c5 c5 
2230    00 00 00 00 00 00 00 00 00 00 00 00 00 00 00 00 
2240    00 00 00 00 00 00 00 00 00 00 00 00 00 00 c5 c5 
2250    00 00 00 00 00 00 00 00 00 00 00 c5 00 00 00 00 
2260    00 00 00 c5 c5 00 00 00 00 00 00 00 00 00 00 00 
2270    00 c5 00 00 00 00 00 00 c5 c5 00 00 00 00 00 00 
2280    00 00 00 c5 c5 00 00 00 00 00 00 00 00 00 c5 c5 
2290    00 00 00 00 00 00 00 00 00 c5 c5 00 00 00 00 00 
22A0    00 00 00 00 c5 c5 00 00 00 00 00 00 00 00 00 c5 
22B0    c5 00 00 00 00 00 00 00 00 00 c5 00 00 00 00 00 
22C0    00 00 00 00 c5 c5 00 00 00 00 00 00 00 00 00 c5 
22D0    c5 c5 c5 c5 00 00 00 00 00 00 c5 00 00 00 00 00 
22E0    00 00 00 00 c5 c5 00 00 00 00 00 00 00 00 00 00 
22F0    c5 00 00 00 00 00 00 00 00 00 c5 c5 00 00 00 00 

-------------- CIR               0xF02300  (2300) --------------
	00 01 02 03 04 05 06 07 08 09 0A 0B 0C 0D 0E 0F

2300    c5 c5 00 00 00 00 00 c5 c5 00 00 00 00 00 00 00 
2310    00 c5 c5 00 00 00 00 00 00 00 c5 c5 00 00 00 00 
2320    00 00 00 00 00 c5 c5 00 00 00 00 00 00 00 00 c5 
2330    c5 00 00 00 00 00 00 00 00 00 c5 c5 00 00 00 00 
2340    00 00 00 00 00 c5 00 00 00 00 00 00 00 00 c5 c5 
2350    00 00 00 00 00 00 00 00 00 c5 c5 c5 c5 c5 c5 00 
2360    00 00 00 00 00 c5 00 00 00 00 00 00 00 00 c5 c5 
2370    00 00 00 00 00 00 00 00 00 00 c5 00 00 00 00 00 
2380    00 00 00 00 c5 c5 00 00 00 00 00 00 00 00 00 c5 
2390    c5 c5 c5 c5 00 00 00 00 00 c5 c5 00 00 00 00 00 
23A0    00 00 00 00 c5 c5 00 00 00 00 00 00 00 00 c5 c5 
23B0    00 00 00 00 00 00 00 00 00 c5 c5 00 00 00 00 00 
23C0    00 00 00 00 c5 c5 00 00 00 00 00 00 00 00 c5 c5 
23D0    00 00 00 00 00 00 00 00 00 00 00 00 00 00 00 00 
23E0    00 00 00 00 c5 c5 00 00 00 00 00 00 00 00 00 c5 
23F0    c5 c5 c5 c5 00 00 00 00 00 00 c5 00 00 00 00 00 

-------------- TMKBC        0xF02400  (2400) --------------
	00 01 02 03 04 05 06 07 08 09 0A 0B 0C 0D 0E 0F

2400    00 00 00 00 00 00 00 00 00 00 00 00 00 00 00 00 
2410    00 00 00 00 00 00 00 00 00 00 00 00 00 00 00 00 
2420    00 00 00 00 00 00 00 00 00 00 00 00 00 00 00 00 
2430    00 00 00 00 00 00 00 00 00 00 00 00 00 00 00 00 
2440    00 00 00 00 00 00 00 00 00 00 00 00 00 00 00 00 
2450    00 00 00 00 00 00 00 00 00 00 00 00 00 00 00 00 
2460    00 00 00 00 00 00 00 00 00 00 00 00 00 00 00 00 
2470    00 00 00 00 00 00 00 00 00 00 00 00 00 00 00 00 
2480    00 00 00 00 00 00 00 00 00 00 00 00 00 00 00 00 
2490    00 00 00 00 00 00 00 00 00 00 00 00 00 00 00 00 
24A0    00 00 00 00 00 00 00 00 00 00 00 00 00 00 00 00 
24B0    00 00 00 00 00 00 00 00 00 00 00 00 00 00 00 00 
24C0    00 00 00 00 00 00 00 00 00 00 00 00 00 00 00 00 
24D0    00 00 00 00 00 00 00 00 00 00 00 00 00 00 00 00 
24E0    00 00 00 00 00 00 00 00 00 00 00 00 00 00 00 00 
24F0    00 00 00 00 00 00 00 00 00 00 00 00 00 00 00 00 

-------------- DBGR           0xF02500  (2500) --------------
	00 01 02 03 04 05 06 07 08 09 0A 0B 0C 0D 0E 0F

2500    00 00 00 00 00 00 00 00 00 00 00 00 00 00 00 00 
2510    00 00 00 00 00 00 00 00 00 00 00 00 00 00 00 00 
2520    00 00 00 00 00 00 00 00 00 00 00 00 00 00 00 00 
2530    00 00 00 00 00 00 00 00 00 00 00 00 00 00 00 00 
2540    00 00 00 00 00 00 00 00 00 00 00 00 00 00 00 00 
2550    00 00 00 00 00 00 00 00 00 00 00 00 00 00 00 00 
2560    00 00 00 00 00 00 00 00 00 00 00 00 00 00 00 00 
2570    00 00 00 00 00 00 00 00 00 00 00 00 00 00 00 00 
2580    00 00 00 00 00 00 00 00 00 00 00 00 00 00 00 00 
2590    00 00 00 00 00 00 00 00 00 00 00 00 00 00 00 00 
25A0    00 00 00 00 00 00 00 00 00 00 00 00 00 00 00 00 
25B0    00 00 00 00 00 00 00 00 00 00 00 00 00 00 00 00 
25C0    00 00 00 00 00 00 00 00 00 00 00 00 00 00 00 00 
25D0    00 00 00 00 00 00 00 00 00 00 00 00 00 00 00 00 
25E0    00 00 00 00 00 00 00 00 00 00 00 00 00 00 00 00 
25F0    00 00 00 00 00 00 00 00 00 00 00 00 00 00 00 00 

-------------- SSPI              0xF02600  (2600) --------------
	00 01 02 03 04 05 06 07 08 09 0A 0B 0C 0D 0E 0F

2600    00 00 00 00 00 c5 c5 00 00 00 00 00 00 00 00 00 
2610    00 c5 00 00 00 00 00 00 00 00 00 c5 c5 00 00 00 
2620    00 00 00 00 00 00 00 00 00 c5 00 00 00 00 00 00 
2630    c5 c5 00 00 00 00 00 00 00 00 c5 c5 00 00 00 00 
2640    00 00 00 00 00 00 00 00 c5 00 00 00 00 00 00 c5 
2650    c5 00 00 00 00 00 00 00 00 00 00 00 00 00 00 00 
2660    00 00 00 00 00 c5 c5 00 00 00 00 00 00 00 00 00 
2670    c5 00 00 00 00 00 00 00 00 00 00 c5 c5 00 00 00 
2680    00 00 00 00 00 c5 00 00 00 00 00 00 00 00 00 00 
2690    00 c5 00 00 00 00 00 00 00 00 c5 c5 00 00 00 00 
26A0    00 00 00 00 00 00 c5 00 00 00 00 00 00 00 00 00 
26B0    c5 c5 00 00 00 00 00 00 00 00 c5 c5 c5 c5 c5 c5 
26C0    00 00 00 00 00 00 c5 00 00 00 00 00 00 00 00 c5 
26D0    c5 00 00 00 00 00 00 00 00 00 00 c5 00 00 00 00 
26E0    00 00 00 00 c5 c5 00 00 00 00 00 00 00 00 00 c5 
26F0    c5 c5 c5 c5 00 00 00 00 00 00 c5 c5 00 00 00 00 

-------------- UART0         0xF02700  (2700) --------------
	00 01 02 03 04 05 06 07 08 09 0A 0B 0C 0D 0E 0F

2700    00 00 00 00 00 00 00 00 c5 00 00 00 00 00 00 00 
2710    00 00 c5 00 00 00 00 00 00 00 00 c5 00 00 00 00 
2720    00 00 00 00 00 00 c5 c5 00 00 00 00 00 00 00 00 
2730    00 00 c5 00 00 00 00 00 00 00 00 c5 c5 00 00 00 
2740    00 00 00 00 00 c5 c5 c5 c5 c5 c5 00 00 00 00 00 
2750    00 c5 00 00 00 00 00 00 00 00 00 c5 c5 00 00 00 
2760    00 00 00 00 00 00 00 c5 00 00 00 00 00 00 00 00 
2770    00 c5 c5 00 00 00 00 00 00 00 00 00 c5 c5 c5 c5 
2780    00 00 00 00 00 00 c5 c5 00 00 00 00 00 00 00 00 
2790    00 c5 c5 00 00 00 00 00 00 00 00 c5 c5 00 00 00 
27A0    00 00 00 00 00 00 c5 c5 00 00 00 00 00 00 00 00 
27B0    00 c5 c5 00 00 00 00 00 00 00 00 00 00 00 00 c5 
27C0    00 00 00 00 00 00 00 00 00 00 00 c5 00 00 00 00 
27D0    00 00 00 c5 c5 00 00 00 00 00 00 00 00 c5 c5 00 
27E0    00 00 00 00 00 00 00 00 00 00 00 c5 00 00 00 00 
27F0    00 00 00 c5 c5 00 00 00 00 00 00 00 00 00 00 00 

-------------- UART1         0xF02800  (2800) --------------
	00 01 02 03 04 05 06 07 08 09 0A 0B 0C 0D 0E 0F

2800    00 00 c5 c5 00 00 00 00 00 00 00 00 00 c5 c5 00 
2810    00 00 00 00 00 00 00 00 c5 c5 00 00 00 00 00 00 
2820    00 00 c5 c5 00 00 00 00 00 00 00 00 c5 00 00 00 
2830    00 00 00 00 00 c5 c5 00 00 00 00 00 00 00 00 00 
2840    00 c5 00 00 00 00 00 00 00 00 c5 c5 c5 00 00 00 
2850    00 00 00 00 00 00 00 00 00 c5 00 00 00 00 00 00 
2860    c5 c5 00 00 00 00 00 00 00 00 00 c5 c5 00 00 00 
2870    00 00 00 00 00 00 00 00 c5 00 00 00 00 00 00 00 
2880    c5 c5 00 00 00 00 00 00 00 00 00 00 00 00 00 c5 
2890    00 00 00 00 00 00 00 c5 00 00 00 00 00 00 00 00 
28A0    00 c5 c5 00 00 00 00 00 00 00 00 00 c5 c5 00 00 
28B0    00 00 00 00 00 00 00 c5 c5 00 00 00 00 00 00 00 
28C0    00 00 c5 00 00 00 00 00 00 00 00 00 c5 c5 00 00 
28D0    00 00 00 00 00 00 00 00 c5 00 00 00 00 00 00 00 
28E0    00 00 c5 c5 00 00 00 00 00 00 00 00 00 c5 c5 c5 
28F0    c5 c5 00 00 00 00 00 00 c5 00 00 00 00 00 00 00 

-------------- TMR             0xF02900  (2900) --------------
	00 01 02 03 04 05 06 07 08 09 0A 0B 0C 0D 0E 0F

2900    00 00 00 00 00 00 00 00 00 00 00 00 00 00 00 00 
2910    00 00 00 00 00 00 00 00 00 00 00 00 00 00 00 00 
2920    00 00 00 00 00 00 00 00 00 00 00 00 00 00 00 00 
2930    00 00 00 00 00 00 00 00 00 00 00 00 00 00 00 00 
2940    00 00 00 00 00 00 00 00 00 00 00 00 00 00 00 00 
2950    00 00 00 00 00 00 00 00 00 00 00 00 00 00 00 00 
2960    00 00 00 00 00 00 00 00 00 00 00 00 00 00 00 00 
2970    00 00 00 00 00 00 00 00 00 00 00 00 00 00 00 00 
2980    00 00 00 00 00 00 00 00 00 00 00 00 00 00 00 00 
2990    00 00 00 00 00 00 00 00 00 00 00 00 00 00 00 00 
29A0    00 00 00 00 00 00 00 00 00 00 00 00 00 00 00 00 
29B0    00 00 00 00 00 00 00 00 00 00 00 00 00 00 00 00 
29C0    00 00 00 00 00 00 00 00 00 00 00 00 00 00 00 00 
29D0    00 00 00 00 00 00 00 00 00 00 00 00 00 00 00 00 
29E0    00 00 00 00 00 00 00 00 00 00 00 00 00 00 00 00 
29F0    00 00 00 00 00 00 00 00 00 00 00 00 00 00 00 00 

-------------- HWM(SIO)  0xF02A00  (2A00) --------------
	00 01 02 03 04 05 06 07 08 09 0A 0B 0C 0D 0E 0F

2A00    00 00 00 00 00 00 00 00 00 00 00 00 00 00 00 00 
2A10    00 00 00 00 00 00 00 00 00 00 00 00 00 00 00 00 
2A20    00 00 00 00 00 00 00 00 00 00 00 00 00 00 00 00 
2A30    00 00 00 00 00 00 00 00 00 00 00 00 00 00 00 00 
2A40    00 00 00 00 00 00 00 00 00 00 00 00 00 00 00 00 
2A50    00 00 00 00 00 00 00 00 00 00 00 00 00 00 00 00 
2A60    00 00 00 00 00 00 00 00 00 00 00 00 00 00 00 00 
2A70    00 00 00 00 00 00 00 00 00 00 00 00 00 00 00 00 
2A80    00 00 00 00 00 00 00 00 00 00 00 00 00 00 00 00 
2A90    00 00 00 00 00 00 00 00 00 00 00 00 00 00 00 00 
2AA0    00 00 00 00 00 00 00 00 00 00 00 00 00 00 00 00 
2AB0    00 00 00 00 00 00 00 00 00 00 00 00 00 00 00 00 
2AC0    00 00 00 00 00 00 00 00 00 00 00 00 00 00 00 00 
2AD0    00 00 00 00 00 00 00 00 00 00 00 00 00 00 00 00 
2AE0    00 00 00 00 00 00 00 00 00 00 00 00 00 00 00 00 
2AF0    00 00 00 00 00 00 00 00 00 00 00 00 00 00 00 00 

-------------- GPIO(SIO)   0xF02C00  (2C00) --------------
	00 01 02 03 04 05 06 07 08 09 0A 0B 0C 0D 0E 0F

2C00    00 00 00 00 00 00 00 00 00 00 00 00 00 00 00 00 
2C10    00 00 00 00 00 00 00 00 00 00 00 00 00 00 00 00 
2C20    00 00 00 00 00 00 00 00 00 00 00 00 00 00 00 00 
2C30    00 00 00 00 00 00 00 00 00 00 00 00 00 00 00 00 
2C40    00 00 00 00 00 00 00 00 00 00 00 00 00 00 00 00 
2C50    00 00 00 00 00 00 00 00 00 00 00 00 00 00 00 00 
2C60    00 00 00 00 00 00 00 00 00 00 00 00 00 00 00 00 
2C70    00 00 00 00 00 00 00 00 00 00 00 00 00 00 00 00 
2C80    00 00 00 00 00 00 00 00 00 00 00 00 00 00 00 00 
2C90    00 00 00 00 00 00 00 00 00 00 00 00 00 00 00 00 
2CA0    00 00 00 00 00 00 00 00 00 00 00 00 00 00 00 00 
2CB0    00 00 00 00 00 00 00 00 00 00 00 00 00 00 00 00 
2CC0    00 00 00 00 00 00 00 00 00 00 00 00 00 00 00 00 
2CD0    00 00 00 00 00 00 00 00 00 00 00 00 00 00 00 00 
2CE0    00 00 00 00 00 00 00 00 00 00 00 00 00 00 00 00 
2CF0    00 00 00 00 00 00 00 00 00 00 00 00 00 00 00 00 

-------------- E-Flash        0xF02D00  (2D00) --------------
	00 01 02 03 04 05 06 07 08 09 0A 0B 0C 0D 0E 0F

2D00    00 00 00 00 00 00 00 00 00 00 00 00 00 00 00 00 
2D10    00 00 00 00 00 00 00 00 00 00 00 00 00 00 00 00 
2D20    00 00 00 00 00 00 00 00 00 00 00 00 00 00 00 00 
2D30    00 00 00 00 00 00 00 00 00 00 00 00 00 00 00 00 
2D40    00 00 00 00 00 00 00 00 00 00 00 00 00 00 00 00 
2D50    00 00 00 00 00 00 00 00 00 00 00 00 00 00 00 00 
2D60    00 00 00 00 00 00 00 00 00 00 00 00 00 00 00 00 
2D70    00 00 00 00 00 00 00 00 00 00 00 00 00 00 00 00 
2D80    00 00 00 00 00 00 00 00 00 00 00 00 00 00 00 00 
2D90    00 00 00 00 00 00 00 00 00 00 00 00 00 00 00 00 
2DA0    00 00 00 00 00 00 00 00 00 00 00 00 00 00 00 00 
2DB0    00 00 00 00 00 00 00 00 00 00 00 00 00 00 00 00 
2DC0    00 00 00 00 00 00 00 00 00 00 00 00 00 00 00 00 
2DD0    00 00 00 00 00 00 00 00 00 00 00 00 00 00 00 00 
2DE0    00 00 00 00 00 00 00 00 00 00 00 00 00 00 00 00 
2DF0    00 00 00 00 00 00 00 00 00 00 00 00 00 00 00 00 

-------------- CEC              0xF02E00  (2E00) --------------
	00 01 02 03 04 05 06 07 08 09 0A 0B 0C 0D 0E 0F

2E00    00 20 00 08 00 00 02 00 00 00 00 00 00 00 00 00 
2E10    00 20 00 08 00 00 02 00 00 00 00 00 00 00 00 00 
2E20    00 00 00 00 00 00 00 00 00 00 00 00 00 00 00 00 
2E30    00 00 00 00 00 00 00 00 00 00 00 00 00 00 00 00 
2E40    00 00 00 00 00 00 00 00 00 00 00 00 00 00 00 00 
2E50    00 00 00 00 00 00 00 00 00 00 00 00 00 00 00 00 
2E60    00 00 00 00 00 00 00 00 00 00 00 00 00 00 00 00 
2E70    00 00 00 00 00 00 00 00 00 00 00 00 00 00 00 00 
2E80    00 00 00 00 00 00 00 00 00 00 00 00 00 00 00 00 
2E90    00 00 00 00 00 00 00 00 00 00 00 00 00 00 00 00 
2EA0    00 00 00 00 00 00 00 00 00 00 00 00 00 00 00 00 
2EB0    00 00 00 00 00 00 00 00 00 00 00 00 00 00 00 00 
2EC0    00 00 00 00 00 00 00 00 00 00 00 00 00 00 00 00 
2ED0    00 00 00 00 00 00 00 00 00 00 00 00 00 00 00 00 
2EE0    00 00 00 00 00 00 00 00 00 00 00 00 00 00 00 00 
2EF0    00 00 00 00 00 00 00 00 00 00 00 00 00 00 00 00 

-------------- USBSW        0xF02F00  (2F00) --------------
	00 01 02 03 04 05 06 07 08 09 0A 0B 0C 0D 0E 0F

2F00    00 00 00 00 00 00 00 00 00 00 00 00 00 00 00 00 
2F10    00 00 00 00 00 00 00 00 00 00 00 00 00 00 00 00 
2F20    00 00 00 00 00 00 00 00 00 00 00 00 00 00 00 00 
2F30    00 00 00 00 00 00 00 00 00 00 00 00 00 00 00 00 
2F40    00 00 00 00 00 00 00 00 00 00 00 00 00 00 00 00 
2F50    00 00 00 00 00 00 00 00 01 00 00 00 00 00 00 00 
2F60    ff 00 00 00 00 00 00 f0 00 00 00 00 00 00 00 00 
2F70    00 00 00 00 00 00 02 f8 ff 00 00 00 00 00 00 00 
2F80    ff 00 00 00 00 00 00 00 ff 00 00 00 00 00 00 00 
2F90    00 00 00 00 00 00 00 e8 00 00 00 00 00 00 00 d0 
2FA0    ff 00 00 00 00 00 00 00 00 00 00 00 00 00 00 00 
2FB0    00 00 00 00 00 00 00 e0 00 00 00 00 00 00 00 c8 
2FC0    ff 00 00 00 00 00 00 00 ff 00 00 00 00 00 00 00 
2FD0    00 00 00 00 00 00 00 d8 00 00 00 00 00 00 00 c0 
2FE0    00 22 00 22 00 22 00 22 00 00 00 00 00 00 00 00 
2FF0    ff 00 00 00 00 00 00 00 00 00 00 00 00 00 00 b8 

-------------- PECI             0xF03000  (3000) --------------
	00 01 02 03 04 05 06 07 08 09 0A 0B 0C 0D 0E 0F

3000    c5 c5 c5 c5 00 00 00 00 00 00 c5 c5 00 00 00 00 
3010    00 00 00 00 c5 00 00 00 00 00 00 00 00 00 c5 c5 
3020    00 00 00 00 00 00 00 00 00 c5 c5 00 00 00 00 00 
3030    00 00 00 c5 c5 00 00 00 00 00 00 00 00 c5 c5 00 
3040    00 00 00 00 00 00 00 00 00 00 00 00 00 00 00 00 
3050    00 00 00 c5 c5 00 00 00 00 00 00 00 00 00 c5 c5 
3060    c5 c5 c5 00 00 00 00 00 00 00 c5 00 00 00 00 00 
3070    00 00 00 c5 c5 c5 00 00 00 00 00 00 00 00 00 00 
3080    c5 00 00 00 00 00 00 00 00 c5 c5 00 00 00 00 00 
3090    00 00 00 00 c5 c5 c5 c5 c5 00 00 00 00 00 00 c5 
30A0    c5 00 00 00 00 00 00 00 00 00 c5 00 00 00 00 00 
30B0    00 00 00 00 c5 c5 00 00 00 00 00 00 00 00 00 c5 
30C0    c5 00 00 00 00 00 00 00 00 00 c5 c5 00 00 00 00 
30D0    00 00 00 00 c5 c5 00 00 00 00 00 00 00 00 00 00 
30E0    00 00 00 00 00 00 00 00 00 00 c5 c5 00 00 00 00 
30F0    00 00 00 00 c5 c5 c5 c5 c5 c5 00 00 00 00 00 00 

-------------- ESPI0            0xF03100  (3100) --------------
	00 01 02 03 04 05 06 07 08 09 0A 0B 0C 0D 0E 0F

3100    00 00 00 01 8b 08 00 0f 00 00 11 17 00 07 07 03 
3110    00 00 01 13 00 00 11 2f 00 00 04 01 00 00 00 00 
3120    00 00 00 00 00 00 00 00 00 00 00 00 00 00 00 00 
3130    00 00 00 00 00 00 00 00 00 00 00 00 00 00 00 00 
3140    00 00 00 00 00 00 00 00 00 00 00 00 00 00 00 00 
3150    00 00 00 00 00 00 00 00 00 00 00 00 00 00 00 00 
3160    00 00 00 00 00 00 00 00 00 00 00 00 00 00 00 00 
3170    00 00 00 00 00 00 00 00 00 00 00 00 00 00 00 00 
3180    00 00 00 00 00 00 00 00 00 00 00 00 00 00 00 00 
3190    00 00 01 00 00 00 00 00 00 00 00 00 00 00 00 00 
31A0    00 80 10 00 00 00 00 00 00 00 00 00 00 00 00 00 
31B0    00 07 20 0c 00 00 0f 00 00 00 00 00 00 00 00 00 
31C0    00 80 00 00 0a 07 00 00 00 00 00 00 00 00 00 00 
31D0    30 00 00 72 93 6c a5 cf 00 00 00 00 00 00 00 00 
31E0    03 0d 00 00 00 00 00 00 00 00 00 00 00 00 00 00 
31F0    00 00 00 00 00 00 00 00 00 00 00 00 00 00 00 00 

-------------- ESPI1            0xF03200  (3200) --------------
	00 01 02 03 04 05 06 07 08 09 0A 0B 0C 0D 0E 0F

3200    80 00 17 23 cc 99 17 06 00 00 00 00 00 00 00 00 
3210    00 00 00 00 00 00 00 00 00 00 00 00 00 00 00 00 
3220    00 00 00 00 00 00 00 00 00 00 00 00 00 00 00 00 
3230    00 00 00 00 00 00 00 00 00 00 00 00 00 00 00 00 
3240    00 88 22 f0 f0 00 00 00 00 00 00 00 00 00 00 00 
3250    0f 0f 0f 0f 00 00 00 00 0f 0f 0f 0f 00 00 00 00 
3260    00 00 00 00 00 00 00 00 00 00 00 00 00 00 00 00 
3270    00 00 00 00 00 00 00 00 00 00 00 00 00 00 00 00 
3280    ff 00 00 00 ff 00 00 00 ff 00 00 00 00 00 00 00 
3290    00 7b c0 00 00 00 00 00 00 00 00 00 00 00 00 00 
32A0    ff 0f ff 00 00 00 44 f0 ef 00 44 44 44 44 00 00 
32B0    00 00 00 00 00 00 00 00 00 00 00 00 00 00 00 00 
32C0    ff 00 ff 00 ff 00 ff 00 ff 00 00 00 00 00 00 00 
32D0    00 00 00 00 00 00 00 00 00 00 00 00 00 00 00 00 
32E0    00 cc 99 17 00 00 00 00 00 00 00 00 00 00 00 00 
32F0    00 00 00 00 00 00 00 00 00 00 00 00 00 00 00 00 

-------------- ESPI2            0xF03300  (3300) --------------
	00 01 02 03 04 05 06 07 08 09 0A 0B 0C 0D 0E 0F

3300    40 40 40 40 40 40 40 40 40 40 40 40 40 40 40 40 
3310    40 40 40 40 40 40 40 40 40 40 40 40 40 40 40 40 
3320    40 40 40 40 40 40 40 40 40 40 40 40 40 40 40 40 
3330    40 40 40 40 40 40 40 40 40 40 40 40 40 40 40 40 
3340    00 00 00 00 00 00 00 00 00 00 00 00 00 00 00 00 
3350    00 00 00 00 00 00 00 00 00 00 00 00 00 00 00 00 
3360    00 00 00 00 00 00 00 00 00 00 00 00 00 00 00 00 
3370    00 00 00 00 00 00 00 00 00 00 00 00 00 00 00 00 
3380    40 40 40 40 40 40 40 40 40 40 40 40 40 40 40 40 
3390    40 40 40 40 40 40 40 40 40 40 40 40 40 40 40 40 
33A0    40 40 40 40 40 40 40 40 40 40 40 40 40 40 40 40 
33B0    40 40 40 40 40 40 40 40 40 40 40 40 40 40 40 40 
33C0    40 40 40 40 40 40 40 40 40 40 40 40 40 40 40 40 
33D0    00 00 00 00 00 00 00 00 00 00 00 00 00 00 00 00 
33E0    00 00 00 00 00 00 00 00 00 00 00 00 00 00 00 00 
33F0    00 00 00 00 00 00 00 00 00 00 00 00 00 00 00 00 

-------------- ESPI3            0xF03400  (3400) --------------
	00 01 02 03 04 05 06 07 08 09 0A 0B 0C 0D 0E 0F

3400    00 00 00 00 00 00 00 00 00 00 00 00 00 00 00 00 
3410    00 00 00 00 00 00 00 00 00 00 00 00 00 00 00 00 
3420    00 00 00 00 00 00 00 00 00 00 00 00 00 00 00 00 
3430    00 00 00 00 00 00 00 00 00 00 00 00 00 00 00 00 
3440    00 00 00 00 00 00 00 00 00 00 00 00 00 00 00 00 
3450    00 00 00 00 00 00 00 00 00 00 00 00 00 00 00 00 
3460    00 00 00 00 00 00 00 00 00 00 00 00 00 00 00 00 
3470    00 00 00 00 00 00 00 00 00 00 00 00 00 00 00 00 
3480    00 00 00 00 00 00 00 00 00 00 00 00 00 00 00 00 
3490    00 00 00 00 00 00 00 00 00 00 00 00 00 00 00 00 
34A0    00 00 00 00 00 00 00 00 00 00 00 00 00 00 00 00 
34B0    00 00 00 00 00 00 00 00 00 00 00 00 00 00 00 00 
34C0    00 00 00 00 00 00 00 00 00 00 00 00 00 00 00 00 
34D0    00 00 00 00 00 00 00 00 00 00 00 00 00 00 00 00 
34E0    00 00 00 00 00 00 00 00 00 00 00 00 00 00 00 00 
34F0    00 00 00 00 00 00 00 00 00 00 00 00 00 00 00 00 

-------------- SMB1            0xF03500  (3500) --------------
	00 01 02 03 04 05 06 07 08 09 0A 0B 0C 0D 0E 0F

3500    00 00 00 00 00 00 00 00 00 00 00 00 00 00 00 00 
3510    00 00 00 00 00 00 00 00 00 00 00 00 00 00 00 00 
3520    00 00 00 00 00 00 00 00 00 00 00 00 00 00 00 00 
3530    00 00 00 00 00 00 00 00 00 00 00 00 00 00 00 00 
3540    00 00 00 00 00 00 00 00 00 00 00 00 00 00 00 00 
3550    00 00 00 00 00 00 00 00 00 00 00 00 00 00 00 00 
3560    00 00 00 00 00 00 00 00 00 00 00 00 00 00 00 00 
3570    00 00 00 00 00 00 00 00 00 00 00 00 00 00 00 00 
3580    00 00 00 00 00 00 00 00 00 00 00 00 00 00 00 00 
3590    00 00 00 00 00 00 00 00 00 00 00 00 00 00 00 00 
35A0    00 00 00 00 00 00 00 00 00 00 00 00 00 00 00 00 
35B0    00 00 00 00 00 00 00 00 00 00 00 00 00 00 00 00 
35C0    00 00 00 00 00 00 00 00 00 00 00 00 00 00 00 00 
35D0    00 00 00 00 00 00 00 00 00 00 00 00 00 00 00 00 
35E0    00 00 00 00 00 00 00 00 00 00 00 00 00 00 00 00 
35F0    00 00 00 00 00 00 00 00 00 00 00 00 00 00 00 00 

-------------- SMB2            0xF03600  (3600) --------------
	00 01 02 03 04 05 06 07 08 09 0A 0B 0C 0D 0E 0F

3600    00 00 00 00 00 00 00 00 00 00 00 00 00 00 00 00 
3610    00 00 00 00 00 00 00 00 00 00 00 00 00 00 00 00 
3620    00 00 00 00 00 00 00 00 00 00 00 00 00 00 00 00 
3630    00 00 00 00 00 00 00 00 00 00 00 00 00 00 00 00 
3640    00 00 00 00 00 00 00 00 00 00 00 00 00 00 00 00 
3650    00 00 00 00 00 00 00 00 00 00 00 00 00 00 00 00 
3660    00 00 00 00 00 00 00 00 00 00 00 00 00 00 00 00 
3670    00 00 00 00 00 00 00 00 00 00 00 00 00 00 00 00 
3680    00 00 00 00 00 00 00 00 00 00 00 00 00 00 00 00 
3690    00 00 00 00 00 00 00 00 00 00 00 00 00 00 00 00 
36A0    00 00 00 00 00 00 00 00 00 00 00 00 00 00 00 00 
36B0    00 00 00 00 00 00 00 00 00 00 00 00 00 00 00 00 
36C0    00 00 00 00 00 00 00 00 00 00 00 00 00 00 00 00 
36D0    00 00 00 00 00 00 00 00 00 00 00 00 00 00 00 00 
36E0    00 00 00 00 00 00 00 00 00 00 00 00 00 00 00 00 
36F0    00 00 00 00 00 00 00 00 00 00 00 00 00 00 00 00 

-------------- USBPD0       0xF03700  (3700) --------------
	00 01 02 03 04 05 06 07 08 09 0A 0B 0C 0D 0E 0F

3700    00 40 00 2d 00 80 20 00 04 00 00 00 00 00 00 00 
3710    00 00 00 00 00 00 00 00 00 00 00 00 00 00 00 00 
3720    00 00 00 00 00 00 00 00 00 00 00 00 00 00 00 00 
3730    00 00 00 00 00 00 00 00 00 00 00 00 00 00 00 00 
3740    00 00 00 00 00 00 00 00 00 00 00 00 00 00 00 00 
3750    00 00 00 00 00 00 00 00 00 00 00 00 00 00 00 00 
3760    00 00 00 00 00 00 00 00 00 00 00 00 00 00 00 00 
3770    00 00 00 00 00 00 00 00 00 00 00 00 00 00 00 00 
3780    00 00 00 00 00 00 00 00 00 00 00 00 00 00 00 00 
3790    00 00 00 00 00 00 00 00 00 00 00 00 00 00 00 00 
37A0    00 00 00 00 00 00 00 00 00 00 00 00 00 00 00 00 
37B0    00 00 00 00 00 00 00 00 00 00 00 00 00 00 00 00 
37C0    00 00 00 00 00 00 00 00 00 00 00 00 00 00 00 00 
37D0    00 00 00 00 00 00 00 00 00 00 00 00 00 00 00 00 
37E0    00 00 00 00 00 00 00 00 00 00 00 00 00 00 00 00 
37F0    00 00 00 00 00 00 00 00 00 00 00 00 00 00 00 00 

-------------- USBPD1       0xF03800  (3800) --------------
	00 01 02 03 04 05 06 07 08 09 0A 0B 0C 0D 0E 0F

3800    00 00 00 00 00 00 00 00 00 00 00 00 00 00 00 00 
3810    00 00 00 00 00 00 00 00 00 00 00 00 00 00 00 00 
3820    00 00 00 00 00 00 00 00 00 00 00 00 00 00 00 00 
3830    00 00 00 00 00 00 00 00 00 00 00 00 00 00 00 00 
3840    00 00 00 00 00 00 00 00 00 00 00 00 00 00 00 00 
3850    00 00 00 00 00 00 00 00 00 00 00 00 00 00 00 00 
3860    00 00 00 00 00 00 00 00 00 00 00 00 00 00 00 00 
3870    00 00 00 00 00 00 00 00 00 00 00 00 00 00 00 00 
3880    00 00 00 00 00 00 00 00 00 00 00 00 00 00 00 00 
3890    00 00 00 00 00 00 00 00 00 00 00 00 00 00 00 00 
38A0    00 00 00 00 00 00 00 00 00 00 00 00 00 00 00 00 
38B0    00 00 00 00 00 00 00 00 00 00 00 00 00 00 00 00 
38C0    00 00 00 00 00 00 00 00 00 00 00 00 00 00 00 00 
38D0    00 00 00 00 00 00 00 00 00 00 00 00 00 00 00 00 
38E0    00 00 00 00 00 00 00 00 00 00 00 00 00 00 00 00 
38F0    00 00 00 00 00 00 00 00 00 00 00 00 00 00 00 00 

-------------- LED DOTMTX 0xF03900  (3900) --------------
	00 01 02 03 04 05 06 07 08 09 0A 0B 0C 0D 0E 0F

3900    00 00 00 00 00 00 00 00 00 00 00 00 00 00 00 00 
3910    00 00 00 00 00 00 00 00 00 00 00 00 00 00 00 00 
3920    00 00 00 00 00 00 00 00 00 00 00 00 00 00 00 00 
3930    00 00 00 00 00 00 00 00 00 00 00 00 00 00 00 00 
3940    00 00 00 00 00 00 00 00 00 00 00 00 00 00 00 00 
3950    00 00 00 00 00 00 00 00 00 00 00 00 00 00 00 00 
3960    00 00 00 00 00 00 00 00 00 00 00 00 00 00 00 00 
3970    00 00 00 00 00 00 00 00 00 00 00 00 00 00 00 00 
3980    00 00 00 00 00 00 00 00 00 00 00 00 00 00 00 00 
3990    00 00 00 00 00 00 00 00 00 00 00 00 00 00 00 00 
39A0    00 00 00 00 00 00 00 00 00 00 00 00 00 00 00 00 
39B0    00 00 00 00 00 00 00 00 00 00 00 00 00 00 00 00 
39C0    00 00 00 00 00 00 00 00 00 00 00 00 00 00 00 00 
39D0    00 00 00 00 00 00 00 00 00 00 00 00 00 00 00 00 
39E0    00 00 00 00 00 00 00 00 00 00 00 00 00 00 00 00 
39F0    00 00 00 00 00 00 00 00 00 00 00 00 00 00 00 00 

-------------- LED STRIP   0xF03A00  (3A00) --------------
	00 01 02 03 04 05 06 07 08 09 0A 0B 0C 0D 0E 0F

3A00    00 00 00 00 00 00 00 00 00 00 00 00 00 00 00 00 
3A10    00 00 00 00 00 00 00 00 00 00 00 00 00 00 00 00 
3A20    00 00 00 00 00 00 00 00 00 00 00 00 00 00 00 00 
3A30    00 00 00 00 00 00 00 00 00 00 00 00 00 00 00 00 
3A40    00 00 00 00 00 00 00 00 00 00 00 00 00 00 00 00 
3A50    00 00 00 00 00 00 00 00 00 00 00 00 00 00 00 00 
3A60    00 00 00 00 00 00 00 00 00 00 00 00 00 00 00 00 
3A70    00 00 00 00 00 00 00 00 00 00 00 00 00 00 00 00 
3A80    00 00 00 00 00 00 00 00 00 00 00 00 00 00 00 00 
3A90    00 00 00 00 00 00 00 00 00 00 00 00 00 00 00 00 
3AA0    00 00 00 00 00 00 00 00 00 00 00 00 00 00 00 00 
3AB0    00 00 00 00 00 00 00 00 00 00 00 00 00 00 00 00 
3AC0    00 00 00 00 00 00 00 00 00 00 00 00 00 00 00 00 
3AD0    00 00 00 00 00 00 00 00 00 00 00 00 00 00 00 00 
3AE0    00 00 00 00 00 00 00 00 00 00 00 00 00 00 00 00 
3AF0    00 00 00 00 00 00 00 00 00 00 00 00 00 00 00 00 

-------------- USBPD2      0xF03B00  (3B00) --------------
	00 01 02 03 04 05 06 07 08 09 0A 0B 0C 0D 0E 0F

3B00    00 00 00 00 00 00 00 00 00 00 00 00 00 00 00 00 
3B10    00 00 00 00 00 00 00 00 00 00 00 00 00 00 00 00 
3B20    00 02 00 00 00 00 00 00 00 00 00 00 00 00 00 00 
3B30    00 00 00 00 00 00 00 00 00 00 00 00 00 00 00 00 
3B40    00 40 00 00 00 00 00 00 00 00 00 00 00 00 00 00 
3B50    00 00 00 00 00 00 00 00 00 00 00 00 00 00 00 00 
3B60    00 00 00 00 00 00 00 00 00 00 00 00 00 00 00 00 
3B70    00 00 00 00 00 00 00 00 00 00 00 00 00 00 00 00 
3B80    00 00 00 00 00 00 00 00 00 00 00 00 00 00 00 00 
3B90    00 00 00 00 00 00 00 00 00 00 00 00 00 00 00 00 
3BA0    00 c0 00 00 00 0b b1 00 00 00 00 00 00 18 00 00 
3BB0    00 00 00 00 00 00 00 00 00 00 00 00 00 00 00 00 
3BC0    00 02 ff ff 00 00 00 00 00 00 00 00 00 00 00 00 
3BD0    00 00 00 00 00 00 00 00 00 00 00 00 00 00 00 00 
3BE0    00 00 00 00 00 00 00 00 00 00 00 00 00 00 00 00 
3BF0    00 00 00 00 00 00 00 00 00 00 00 00 00 00 00 00 

-------------- CRYPTO      0xF03C00  (3C00) --------------
	00 01 02 03 04 05 06 07 08 09 0A 0B 0C 0D 0E 0F

3C00    00 00 00 00 00 00 00 00 00 00 00 00 00 00 00 00 
3C10    00 00 00 00 00 00 00 00 40 00 00 00 00 00 00 00 
3C20    01 00 00 01 00 00 00 00 01 00 08 00 03 00 00 20 
3C30    00 00 00 00 00 00 00 00 00 00 00 00 00 00 00 00 
3C40    00 00 00 00 00 00 00 00 00 00 00 00 00 00 00 00 
3C50    00 00 00 00 00 00 00 00 00 00 00 00 00 00 00 00 
3C60    00 00 00 00 00 00 00 00 00 00 00 00 00 00 00 00 
3C70    00 00 00 00 00 00 00 00 00 00 00 00 00 00 00 00 
3C80    00 00 00 00 00 00 00 00 00 00 00 00 00 00 00 00 
3C90    00 00 00 00 00 00 00 00 40 00 00 00 00 00 00 00 
3CA0    01 00 00 01 00 00 00 00 01 00 08 00 03 00 00 20 
3CB0    00 00 00 00 00 00 00 00 00 00 00 00 00 00 00 00 
3CC0    00 00 00 00 00 00 00 00 00 00 00 00 00 00 00 00 
3CD0    00 00 00 00 00 00 00 00 00 00 00 00 00 00 00 00 
3CE0    00 00 00 00 00 00 00 00 00 00 00 00 00 00 00 00 
3CF0    00 00 00 00 00 00 00 00 00 00 00 00 00 00 00 00 

-------------- UART5          0xF03D00  (3D00) --------------
	00 01 02 03 04 05 06 07 08 09 0A 0B 0C 0D 0E 0F

3D00    00 00 00 00 01 00 00 00 00 14 00 00 00 00 00 00 
3D10    00 00 08 00 00 00 00 00 00 00 00 00 00 00 00 00 
3D20    00 00 00 00 00 00 00 00 3f 0f 00 00 30 00 00 80 
3D30    00 00 00 00 00 00 00 00 00 00 00 00 00 00 00 00 
3D40    e6 00 80 00 00 00 00 00 00 00 00 00 7f 00 00 00 
3D50    00 00 00 00 00 00 00 00 00 00 00 00 00 01 02 00 
3D60    3b fc 0b 54 00 00 00 00 00 04 00 04 00 00 01 00 
3D70    00 00 0f 00 00 00 00 00 00 00 00 00 00 00 00 00 
3D80    00 00 00 00 01 00 00 00 00 14 00 00 00 00 00 00 
3D90    00 00 08 00 00 00 00 00 00 00 00 00 00 00 00 00 
3DA0    00 00 00 00 00 00 00 00 3f 0f 00 00 30 00 00 80 
3DB0    00 00 00 00 00 00 00 00 00 00 00 00 00 00 00 00 
3DC0    de 00 80 00 00 00 00 00 00 00 00 00 7f 00 00 00 
3DD0    00 00 00 00 00 00 00 00 00 00 00 00 00 01 02 00 
3DE0    3b fc 0b 54 00 00 00 00 00 04 00 04 00 00 01 00 
3DF0    00 00 0f 00 00 00 00 00 00 00 00 00 00 00 00 00 

-------------- GPIO1          0xF03E00  (3E00) --------------
	00 01 02 03 04 05 06 07 08 09 0A 0B 0C 0D 0E 0F

3E00    00 00 00 00 00 00 00 00 00 00 00 00 00 00 00 00 
3E10    00 00 00 00 00 00 00 00 00 00 00 00 00 00 00 00 
3E20    00 00 00 00 00 00 00 00 00 00 00 00 00 00 00 00 
3E30    00 00 00 00 00 00 00 00 00 00 00 00 00 00 00 00 
3E40    00 00 00 00 00 00 00 00 00 00 00 00 00 00 00 00 
3E50    00 00 00 00 00 00 00 00 00 00 00 00 00 00 00 00 
3E60    00 00 00 00 00 00 00 00 00 00 00 00 00 00 00 00 
3E70    00 00 00 00 00 00 00 00 00 00 00 00 00 00 00 00 
3E80    00 00 00 00 00 00 00 00 00 00 00 00 00 00 00 00 
3E90    00 00 00 00 00 00 00 00 00 00 00 00 00 00 00 00 
3EA0    00 00 00 00 00 00 00 00 00 00 00 00 00 00 00 00 
3EB0    00 00 00 00 00 00 00 00 00 00 00 00 00 00 00 00 
3EC0    00 00 00 00 00 00 00 00 00 00 00 00 00 00 00 00 
3ED0    00 00 00 00 00 00 00 00 00 00 00 00 00 00 00 00 
3EE0    00 00 00 00 00 00 00 00 00 00 00 00 00 00 00 00 
3EF0    00 00 00 00 00 00 00 00 00 00 00 00 00 00 00 00 

-------------- INTC            0xF03F00  (3F00) --------------
	00 01 02 03 04 05 06 07 08 09 0A 0B 0C 0D 0E 0F

3F00    00 00 00 00 00 00 00 00 00 00 00 00 00 00 00 00 
3F10    00 00 00 00 00 00 00 00 00 00 00 00 00 00 00 00 
3F20    00 00 00 00 00 00 00 00 00 00 00 00 00 00 00 00 
3F30    00 00 00 00 00 00 00 00 00 00 00 00 00 00 00 00 
3F40    00 00 00 00 00 00 00 00 00 00 00 00 00 00 00 00 
3F50    00 00 00 00 00 00 00 00 00 00 00 00 00 00 00 00 
3F60    00 00 00 00 00 00 00 00 00 00 00 00 00 00 00 00 
3F70    00 00 00 00 00 00 00 00 00 00 00 00 00 00 00 00 
3F80    00 00 00 00 00 00 00 00 00 00 00 00 00 00 00 00 
3F90    00 00 00 00 00 00 00 00 00 00 00 00 00 00 00 00 
3FA0    00 00 00 00 00 00 00 00 00 00 00 00 00 00 00 00 
3FB0    00 00 00 00 00 00 00 00 00 00 00 00 00 00 00 00 
3FC0    00 00 00 00 00 00 00 00 00 00 00 00 00 00 00 00 
3FD0    00 00 00 00 00 00 00 00 00 00 00 00 00 00 00 00 
3FE0    00 00 00 00 00 00 00 00 00 00 00 00 00 00 00 00 
3FF0    00 00 00 00 00 00 00 00 00 00 00 00 00 00 00 00 

-------------- SMB1           0xF04300  (4300) --------------
	00 01 02 03 04 05 06 07 08 09 0A 0B 0C 0D 0E 0F

4300    00 00 00 00 00 00 00 00 00 00 00 00 00 00 00 00 
4310    00 00 00 00 00 00 00 00 00 00 00 00 00 00 00 00 
4320    00 00 00 00 00 00 00 00 00 00 00 00 00 00 00 00 
4330    00 00 00 00 00 00 00 00 00 00 00 00 00 00 00 00 
4340    00 00 00 00 00 00 00 00 00 00 00 00 00 00 00 00 
4350    00 00 00 00 00 00 00 00 00 00 00 00 00 00 00 00 
4360    00 00 00 00 00 00 00 00 00 00 00 00 00 00 00 00 
4370    00 00 00 00 00 00 00 00 00 00 00 00 00 00 00 00 
4380    00 00 00 00 00 00 00 00 00 00 00 00 00 00 00 00 
4390    00 00 00 00 00 00 00 00 00 00 00 00 00 00 00 00 
43A0    00 00 00 00 00 00 00 00 00 00 00 00 00 00 00 00 
43B0    00 00 00 00 00 00 00 00 00 00 00 00 00 00 00 00 
43C0    00 00 00 00 00 00 00 00 00 00 00 00 00 00 00 00 
43D0    00 00 00 00 00 00 00 00 00 00 00 00 00 00 00 00 
43E0    00 00 00 00 00 00 00 00 00 00 00 00 00 00 00 00 
43F0    00 00 00 00 00 00 00 00 00 00 00 00 00 00 00 00 

-------------- SMB2           0xF04400  (4400) --------------
	00 01 02 03 04 05 06 07 08 09 0A 0B 0C 0D 0E 0F

4400    00 00 00 00 00 00 00 00 00 00 00 00 00 00 00 00 
4410    00 00 00 00 00 00 00 00 00 00 00 00 00 00 00 00 
4420    00 00 00 00 00 00 00 00 00 00 00 00 00 00 00 00 
4430    00 00 00 00 00 00 00 00 00 00 00 00 00 00 00 00 
4440    00 00 00 00 00 00 00 00 00 00 00 00 00 00 00 00 
4450    00 00 00 00 00 00 00 00 00 00 00 00 00 00 00 00 
4460    00 00 00 00 00 00 00 00 00 00 00 00 00 00 00 00 
4470    00 00 00 00 00 00 00 00 00 00 00 00 00 00 00 00 
4480    00 00 00 00 00 00 00 00 00 00 00 00 00 00 00 00 
4490    00 00 00 00 00 00 00 00 00 00 00 00 00 00 00 00 
44A0    00 00 00 00 00 00 00 00 00 00 00 00 00 00 00 00 
44B0    00 00 00 00 00 00 00 00 00 00 00 00 00 00 00 00 
44C0    00 00 00 00 00 00 00 00 00 00 00 00 00 00 00 00 
44D0    00 00 00 00 00 00 00 00 00 00 00 00 00 00 00 00 
44E0    00 00 00 00 00 00 00 00 00 00 00 00 00 00 00 00 
44F0    00 00 00 00 00 00 00 00 00 00 00 00 00 00 00 00 

-------------- SMB3           0xF04500  (4500) --------------
	00 01 02 03 04 05 06 07 08 09 0A 0B 0C 0D 0E 0F

4500    00 00 00 00 00 00 00 00 00 00 00 00 00 00 00 00 
4510    00 00 00 00 00 00 00 00 00 00 00 00 00 00 00 00 
4520    00 00 00 00 00 00 00 00 00 00 00 00 00 00 00 00 
4530    00 00 00 00 00 00 00 00 00 00 00 00 00 00 00 00 
4540    00 00 00 00 00 00 00 00 00 00 00 00 00 00 00 00 
4550    00 00 00 00 00 00 00 00 00 00 00 00 00 00 00 00 
4560    00 00 00 00 00 00 00 00 00 00 00 00 00 00 00 00 
4570    00 00 00 00 00 00 00 00 00 00 00 00 00 00 00 00 
4580    00 00 00 00 00 00 00 00 00 00 00 00 00 00 00 00 
4590    00 00 00 00 00 00 00 00 00 00 00 00 00 00 00 00 
45A0    00 00 00 00 00 00 00 00 00 00 00 00 00 00 00 00 
45B0    00 00 00 00 00 00 00 00 00 00 00 00 00 00 00 00 
45C0    00 00 00 00 00 00 00 00 00 00 00 00 00 00 00 00 
45D0    00 00 00 00 00 00 00 00 00 00 00 00 00 00 00 00 
45E0    00 00 00 00 00 00 00 00 00 00 00 00 00 00 00 00 
45F0    00 00 00 00 00 00 00 00 00 00 00 00 00 00 00 00 

-------------- GPR/IR         0x8000 --------------
	00 01 02 03 04 05 06 07 08 09 0A 0B 0C 0D 0E 0F

8000    00 00 00 00 f4 28 00 00 b0 5c 80 00 00 00 80 00 
8010    00 00 00 00 00 00 00 00 33 00 00 00 80 00 00 00 
8020    3e 1c f0 00 00 65 00 00 01 00 00 00 09 00 00 00 
8030    04 30 80 00 38 00 f0 00 00 00 00 00 00 00 00 00 
8040    90 0e 00 00 2a 00 00 00 36 1c f0 00 00 00 00 00 
8050    00 00 00 00 03 00 00 00 00 00 00 00 80 1c ff 00 
8060    03 00 00 00 00 00 00 00 00 00 00 00 43 00 00 00 
8070    44 00 00 00 0f 00 00 00 20 00 00 00 80 77 00 00 
8080    88 00 00 00 04 11 10 40 00 00 00 00 00 00 00 00 
8090    00 08 00 00 00 20 00 00 00 00 00 00 00 00 00 00 
80A0    00 00 00 00 28 74 00 00 0b 00 00 80 00 00 00 00 
80B0    00 00 00 00 00 00 00 00 00 00 00 00 00 00 00 00 
80C0    00 00 00 00 00 00 00 00 00 00 00 00 00 00 00 00 
80D0    00 00 00 00 00 00 00 00 00 00 00 00 00 00 00 00 
80E0    00 00 00 00 00 00 00 00 00 00 00 00 00 00 00 00 
80F0    00 00 00 00 00 00 00 00 00 00 00 00 00 00 00 00 

--------------------DLM 0x800000 ------------------------
       	00 01 02 03 04 05 06 07 08 09 0A 0B 0C 0D 0E 0F

C000    00 00 00 00 00 00 01 00 01 00 00 00 00 00 00 00 
C010    00 00 00 00 00 00 00 00 00 00 00 00 00 00 00 00 
C020    65 00 04 0f 00 00 00 00 00 00 00 00 00 87 00 00 
C030    ae 00 20 00 00 83 00 4a 50 00 e1 00 a5 00 00 00 
C040    10 00 01 00 00 00 00 00 02 00 e6 00 00 00 00 00 
C050    09 09 87 01 00 00 00 00 00 00 00 00 00 00 00 00 
C060    00 ff ff 00 04 10 bb 6e 03 00 00 00 00 00 00 00 
C070    00 00 00 00 00 00 00 00 00 00 00 00 00 00 00 ff 
C080    00 00 00 00 00 00 00 00 00 00 00 00 00 00 00 00 
C090    00 00 00 00 20 00 20 00 00 00 00 00 00 00 00 00 
C0A0    00 00 00 00 00 00 00 00 00 00 00 00 00 88 00 00 
C0B0    40 00 00 00 22 30 00 00 a8 64 00 00 75 00 00 00 
C0C0    00 00 00 00 00 00 00 00 00 00 00 00 00 00 00 00 
C0D0    00 00 00 00 11 00 00 00 09 00 00 00 00 00 00 00 
C0E0    02 00 00 00 08 00 00 00 00 00 00 00 00 00 00 00 
C0F0    23 79 6a 00 00 00 00 00 00 00 00 00 00 00 00 00 

--------------------DLM 0x800100 ------------------------
       	00 01 02 03 04 05 06 07 08 09 0A 0B 0C 0D 0E 0F

C100    1e f0 1e 66 f0 66 1e f0 1e 1a 1a 1a 1a 1a 1a 29 
C110    f0 29 29 f0 29 e0 1f 24 f0 24 e0 f0 1f 66 f0 66 
C120    00 00 00 03 32 24 00 00 00 08 00 00 88 00 00 00 
C130    00 00 00 00 00 00 00 00 00 00 00 00 00 00 00 00 
C140    02 00 00 00 00 00 00 aa 00 00 00 00 00 00 00 00 
C150    00 00 00 00 00 00 00 00 00 00 00 00 00 00 00 00 
C160    00 00 00 00 00 00 00 00 00 00 00 00 00 00 00 00 
C170    00 00 00 00 00 00 00 00 00 00 00 00 00 00 00 00 
C180    00 00 47 00 00 00 00 00 00 00 00 00 00 00 00 14 
C190    00 00 00 00 00 00 00 00 00 00 00 00 00 ef 00 4f 
C1A0    00 00 00 01 01 00 00 00 00 00 00 00 00 00 00 00 
C1B0    00 00 00 00 00 00 00 00 00 00 00 00 00 00 00 00 
C1C0    00 00 00 00 00 00 00 00 00 00 00 00 00 00 00 00 
C1D0    00 00 00 00 00 00 00 00 00 00 00 00 00 00 00 00 
C1E0    00 00 00 00 00 00 00 00 00 00 00 00 00 00 00 00 
C1F0    00 18 06 00 2e 00 00 00 00 00 00 00 00 00 00 00 

--------------------DLM 0x800200 ------------------------
       	00 01 02 03 04 05 06 07 08 09 0A 0B 0C 0D 0E 0F

C200    10 20 00 00 00 00 01 00 00 00 00 00 4c 04 00 00 
C210    07 06 00 00 00 00 00 00 00 29 00 00 00 00 00 00 
C220    00 00 00 00 00 00 00 00 00 00 00 00 00 00 00 00 
C230    63 02 97 02 93 00 8d 02 8b 03 8e 03 8c 03 20 00 
C240    00 03 78 08 00 00 77 5f 00 00 00 00 00 00 00 00 
C250    00 00 00 00 00 00 00 00 00 00 00 00 00 00 00 00 
C260    00 00 00 00 00 00 00 00 00 00 00 00 00 00 00 00 
C270    00 00 00 00 00 42 00 00 22 00 22 3a 00 00 1d 00 
C280    00 00 00 1d 32 35 c8 00 00 00 00 00 00 00 61 00 
C290    04 00 00 00 00 00 00 00 00 00 03 03 00 93 94 94 
C2A0    81 81 81 81 81 81 00 00 00 00 00 00 00 00 00 00 
C2B0    00 00 00 00 00 00 00 00 c4 09 00 00 ec 22 00 00 
C2C0    00 00 00 00 00 c0 00 00 18 04 02 42 00 17 7d 07 
C2D0    00 1b 88 c0 00 00 01 02 00 00 00 00 00 00 00 00 
C2E0    c4 09 00 00 e8 22 00 c0 18 04 02 42 00 17 00 07 
C2F0    00 1b 88 c0 00 00 00 00 01 02 00 00 00 00 00 00 

--------------------DLM 0x800300 ------------------------
       	00 01 02 03 04 05 06 07 08 09 0A 0B 0C 0D 0E 0F

C300    00 00 00 00 00 00 00 00 00 00 00 00 00 00 00 00 
C310    00 00 00 00 00 00 00 00 00 00 00 00 00 00 00 00 
C320    00 00 00 00 00 00 00 00 00 00 00 00 ff ff 2e 00 
C330    00 00 00 00 ff ff 44 00 01 00 00 00 00 00 ff 00 
C340    0b 80 00 04 00 00 00 00 00 1d 1d 00 00 80 00 00 
C350    4a 00 00 00 00 05 00 00 22 1d 34 00 00 40 00 00 
C360    00 00 00 3c 00 00 00 00 2c 40 00 02 01 0e 06 00 
C370    3f 24 bf 22 50 1e 80 4c 47 45 53 2d 4c 47 45 00 
C380    00 00 00 7e fc bf 22 d9 21 00 00 00 01 e0 00 00 
C390    00 00 bf 22 05 00 60 00 00 00 00 5f 00 ab 0b 00 
C3A0    00 80 00 25 01 00 00 00 00 15 10 00 00 01 1e 00 
C3B0    63 09 00 00 00 71 89 00 00 00 06 06 00 00 00 00 
C3C0    00 00 00 00 00 00 00 00 00 00 00 00 00 00 00 02 
C3D0    60 00 00 00 00 00 00 00 60 00 00 01 00 00 d1 00 
C3E0    00 00 00 fd 00 00 00 00 00 00 00 00 02 44 00 00 
C3F0    08 00 20 00 00 00 00 00 00 00 41 30 31 32 42 44 

--------------------DLM 0x800400 ------------------------
       	00 01 02 03 04 05 06 07 08 09 0A 0B 0C 0D 0E 0F

C400    00 00 00 00 00 00 00 00 05 05 10 00 10 00 01 03 
C410    00 00 00 00 00 00 00 01 03 09 00 00 00 00 8f 03 
C420    07 00 00 15 00 00 00 00 00 00 00 00 00 00 00 00 
C430    00 00 00 00 00 00 00 00 00 01 00 00 00 00 00 00 
C440    00 00 12 00 00 00 00 00 70 17 00 00 e0 00 41 21 
C450    00 00 28 23 0c 17 00 00 01 dd 00 00 00 00 f0 0c 
C460    00 00 00 00 7e fc d9 21 71 89 00 00 00 00 ab 0b 
C470    00 01 00 00 00 3c 64 00 00 00 00 00 00 00 00 00 
C480    00 00 00 00 00 00 00 00 00 00 00 00 00 00 00 00 
C490    00 00 00 00 00 00 00 00 00 00 00 00 00 00 00 00 
C4A0    00 00 05 0a 00 64 60 00 00 00 00 00 00 00 00 00 
C4B0    00 00 00 00 00 00 00 00 00 00 00 00 00 00 00 00 
C4C0    00 00 00 00 00 00 00 00 00 00 00 00 00 00 00 00 
C4D0    00 64 00 00 37 00 00 00 00 00 00 00 00 00 00 00 
C4E0    00 00 00 00 58 02 48 46 00 00 00 00 00 00 00 00 
C4F0    21 43 00 00 0a 00 00 00 4a 00 00 00 00 00 00 00 

--------------------DLM 0x800500 ------------------------
       	00 01 02 03 04 05 06 07 08 09 0A 0B 0C 0D 0E 0F

C500    00 00 38 3b 3e 41 63 63 00 00 00 00 00 00 00 00 
C510    63 63 2f 34 36 39 3c 63 00 00 00 00 00 00 00 00 
C520    18 1a 1e 22 25 28 2a 2e 00 00 00 00 00 00 00 00 
C530    09 56 00 00 18 00 00 01 22 00 00 00 00 00 00 00 
C540    c8 00 dc 00 00 00 00 00 00 00 00 00 00 00 00 00 
C550    c8 80 dc 00 00 00 00 00 00 00 00 00 00 00 00 00 
C560    00 40 00 00 00 00 c8 00 6e 00 b8 01 00 00 b8 01 
C570    c8 00 03 0e 0a 00 00 00 00 00 00 00 00 00 00 00 
C580    00 00 00 00 00 00 00 00 00 00 00 00 00 00 00 00 
C590    00 00 00 00 00 00 00 00 00 00 00 00 00 00 00 00 
C5A0    00 00 00 00 00 00 00 00 00 00 00 00 00 05 00 00 
C5B0    15 aa fb 00 00 00 00 00 fb ac 15 15 15 fb ac 15 
C5C0    60 09 00 00 00 00 00 00 00 00 00 00 00 34 34 00 
C5D0    00 00 00 00 00 00 00 00 00 00 00 00 00 00 00 00 
C5E0    00 00 00 00 00 00 00 00 00 00 00 00 00 00 00 00 
C5F0    00 84 00 00 00 00 00 00 00 00 00 00 00 00 00 00 

--------------------DLM 0x800600 ------------------------
       	00 01 02 03 04 05 06 07 08 09 0A 0B 0C 0D 0E 0F

C600    00 00 00 00 00 00 00 00 00 00 00 00 00 00 00 00 
C610    00 00 00 00 00 00 00 00 00 00 00 00 00 00 00 00 
C620    00 00 00 00 00 00 00 00 00 00 00 00 00 00 00 00 
C630    00 00 00 00 00 00 00 00 00 00 00 00 00 00 00 00 
C640    00 00 00 00 00 00 00 00 00 00 00 00 00 00 00 00 
C650    00 00 00 00 00 00 00 00 00 00 00 00 00 00 00 00 
C660    00 00 00 00 00 00 00 00 00 00 00 00 00 00 00 00 
C670    00 00 00 00 00 00 00 00 00 00 00 00 00 00 00 00 
C680    00 00 00 00 00 00 00 00 00 00 00 00 00 00 00 00 
C690    00 00 00 00 00 00 00 00 00 00 00 00 00 00 00 00 
C6A0    00 00 00 00 00 00 00 00 00 00 00 00 00 00 00 00 
C6B0    00 00 00 00 00 00 00 00 00 00 00 00 00 00 00 00 
C6C0    00 00 00 00 00 00 00 00 00 00 00 00 00 00 00 00 
C6D0    00 00 00 00 00 00 00 00 00 00 00 00 00 00 00 00 
C6E0    00 00 00 00 00 00 00 00 00 00 00 00 00 00 00 00 
C6F0    00 00 00 00 00 00 00 00 00 00 00 00 00 00 00 00 

--------------------DLM 0x800700 ------------------------
       	00 01 02 03 04 05 06 07 08 09 0A 0B 0C 0D 0E 0F

C700    00 00 00 00 00 00 00 00 00 00 00 00 00 00 00 00 
C710    00 00 00 00 00 00 00 00 00 00 00 00 00 00 00 00 
C720    00 00 00 00 00 00 00 00 00 00 00 00 00 00 00 00 
C730    00 00 00 00 00 00 00 00 00 00 00 00 00 00 00 00 
C740    00 00 00 00 00 00 00 00 00 00 00 00 00 00 00 00 
C750    00 00 00 00 00 00 00 00 00 00 00 00 00 00 00 00 
C760    00 00 00 00 00 00 00 00 00 00 00 00 00 00 00 00 
C770    00 00 00 00 00 00 00 00 00 00 00 00 00 00 00 00 
C780    00 00 00 00 00 00 00 00 00 00 00 00 00 00 00 00 
C790    00 00 00 00 00 00 00 00 00 00 00 00 00 00 00 00 
C7A0    00 00 00 00 00 00 00 00 00 00 00 00 00 00 00 00 
C7B0    00 00 00 00 00 00 00 00 00 00 00 00 00 00 00 00 
C7C0    00 00 00 00 00 00 00 00 00 00 00 00 00 00 00 00 
C7D0    07 07 07 07 07 06 06 07 07 06 06 07 00 00 00 00 
C7E0    00 00 00 00 00 00 00 00 00 00 00 00 00 00 00 00 
C7F0    59 09 00 00 00 00 00 00 00 00 00 00 00 00 00 00 

--------------------DLM 0x800800 ------------------------
       	00 01 02 03 04 05 06 07 08 09 0A 0B 0C 0D 0E 0F

C800    00 00 00 00 00 00 00 00 00 00 00 00 00 00 00 00 
C810    04 06 8f 03 00 00 00 00 00 01 00 00 00 00 00 00 
C820    00 00 00 00 00 00 00 00 04 04 00 00 00 00 00 00 
C830    00 00 00 00 00 00 00 00 00 00 00 00 00 00 00 00 
C840    00 f4 00 00 90 01 00 00 07 00 00 00 00 00 00 00 
C850    00 00 00 00 00 00 01 00 00 00 00 00 00 00 00 00 
C860    00 00 00 00 00 00 00 00 00 00 00 00 00 00 00 00 
C870    04 00 00 00 00 00 00 00 00 00 00 00 00 00 00 00 
C880    00 00 00 00 00 00 00 00 00 00 00 00 00 00 00 00 
C890    00 00 00 00 00 00 00 00 00 00 00 00 00 00 00 00 
C8A0    00 00 00 00 00 00 00 00 3e 00 3c 00 00 00 00 00 
C8B0    00 00 00 00 00 00 00 00 00 00 00 00 00 00 00 00 
C8C0    00 00 00 00 0b 07 00 00 00 00 00 00 00 00 00 00 
C8D0    00 00 00 00 00 00 00 00 00 00 00 00 00 00 00 00 
C8E0    00 00 00 00 00 00 00 00 00 00 00 00 00 00 00 00 
C8F0    00 00 00 00 00 00 00 00 00 00 00 29 00 00 00 00 

--------------------DLM 0x800900 ------------------------
       	00 01 02 03 04 05 06 07 08 09 0A 0B 0C 0D 0E 0F

C900    ff ff ff ff ff ff ff ff ff ff ff ff ff ff ff ff 
C910    ff ff ff ff ff ff ff ff ff ff ff ff ff ff ff ff 
C920    ff ff ff ff ff ff ff ff ff ff ff ff ff ff ff ff 
C930    ff ff ff ff ff ff ff ff 75 00 08 39 01 00 08 ff 
C940    2f 33 34 35 36 37 63 63 00 00 00 00 00 00 00 00 
C950    63 2a 2c 2e 30 31 32 63 00 00 00 00 00 00 00 00 
C960    7f 00 7f 00 00 00 00 00 00 00 00 00 00 00 00 00 
C970    63 00 63 00 00 00 00 00 00 00 00 00 00 00 00 00 
C980    33 00 00 00 00 00 00 00 00 00 00 00 00 00 00 00 
C990    02 2a 02 01 37 62 6e 05 00 02 2a 02 01 37 62 6e 
C9A0    05 00 00 00 00 00 00 00 07 04 00 00 00 00 00 00 
C9B0    00 00 00 00 00 00 00 00 00 00 00 00 00 00 00 00 
C9C0    00 00 00 00 00 00 00 00 00 00 80 00 00 00 00 00 
C9D0    00 00 00 00 00 00 00 00 00 00 00 00 00 00 00 00 
C9E0    00 03 00 00 0f 00 00 00 00 00 00 00 00 00 00 00 
C9F0    00 00 00 00 00 00 45 01 00 00 00 00 01 00 90 01 

--------------------DLM 0x800A00 ------------------------
       	00 01 02 03 04 05 06 07 08 09 0A 0B 0C 0D 0E 0F

CA00    ed 10 ed 10 00 00 00 00 ed 10 00 02 00 00 00 00 
CA10    00 00 00 00 00 00 00 00 00 00 00 00 00 00 00 00 
CA20    01 00 00 00 00 00 28 5b 31 00 4c 47 4c 30 00 00 
CA30    00 00 00 00 00 00 00 00 00 00 00 00 00 00 00 00 
CA40    42 5a 37 32 32 44 4d 00 00 00 00 00 00 00 00 00 
CA50    45 41 43 36 34 37 39 38 34 30 31 32 35 39 31 32 
CA60    4c 47 45 53 2d 4c 47 45 00 00 00 00 00 00 00 00 
CA70    00 00 00 00 00 00 00 00 00 00 00 00 00 00 00 00 
CA80    00 00 00 00 00 00 00 00 00 00 00 00 00 00 00 00 
CA90    a3 12 02 00 00 00 00 00 00 00 00 00 00 00 00 00 
CAA0    ff ff ff ff ff ff ff ff ff ff ff ff ff ff ff ff 
CAB0    ff ff ff ff ff ff ff ff ff ff ff ff ff ff ff ff 
CAC0    00 00 00 00 00 00 00 00 00 00 00 00 00 00 00 00 
CAD0    00 00 00 00 00 00 00 00 00 00 00 00 00 00 00 00 
CAE0    00 00 00 00 00 00 00 00 00 00 00 00 00 00 00 00 
CAF0    00 00 00 00 00 00 00 00 00 00 00 00 00 00 00 00 

--------------------DLM 0x800B00 ------------------------
       	00 01 02 03 04 05 06 07 08 09 0A 0B 0C 0D 0E 0F

CB00    00 00 00 00 00 00 00 00 00 00 00 00 00 00 00 00 
CB10    00 00 00 00 00 00 00 00 00 00 00 00 00 00 00 00 
CB20    00 00 00 00 00 00 00 00 03 85 00 cd 00 00 00 00 
CB30    00 00 00 00 00 00 00 00 00 00 00 00 00 00 00 00 
CB40    00 00 00 00 00 00 00 00 00 00 00 00 00 00 00 00 
CB50    00 00 00 00 00 00 00 00 00 00 00 00 00 00 00 00 
CB60    00 00 00 00 00 00 00 00 00 00 00 00 00 00 00 00 
CB70    00 00 00 00 00 00 00 00 00 00 00 00 00 00 00 00 
CB80    00 00 00 00 00 00 00 00 00 00 00 00 00 00 00 00 
CB90    00 00 00 00 00 00 00 00 00 00 00 00 00 00 00 00 
CBA0    00 00 00 00 00 00 00 00 00 00 00 00 00 00 00 00 
CBB0    00 00 00 00 00 00 00 00 00 00 00 00 00 00 00 00 
CBC0    00 00 00 00 00 00 00 00 00 00 00 00 00 00 00 00 
CBD0    00 00 00 00 00 00 00 00 00 00 00 00 00 00 00 00 
CBE0    00 00 00 00 00 00 00 00 00 00 00 00 00 00 00 00 
CBF0    00 00 00 00 00 00 00 00 00 00 00 00 00 00 00 00 

--------------------DLM 0x800C00 ------------------------
       	00 01 02 03 04 05 06 07 08 09 0A 0B 0C 0D 0E 0F

CC00    00 00 00 00 00 02 00 00 00 00 00 00 00 00 00 00 
CC10    00 2e 05 00 00 00 00 00 00 00 00 00 00 00 00 00 
CC20    00 00 00 00 00 00 00 00 00 00 00 00 00 00 00 00 
CC30    00 00 00 00 00 00 00 00 00 00 00 00 00 00 00 00 
CC40    00 00 90 01 45 01 82 00 01 00 00 00 00 00 00 00 
CC50    00 13 03 05 00 88 00 00 00 00 00 00 00 00 00 00 
CC60    00 00 00 00 02 00 00 00 45 01 90 01 80 00 8b 50 
CC70    0b 00 00 00 00 00 00 00 00 00 00 00 00 00 00 00 
CC80    00 0f 00 00 00 88 00 00 00 00 00 00 00 00 00 00 
CC90    00 00 00 00 00 00 00 00 00 00 00 00 00 00 87 00 
CCA0    07 00 00 00 00 00 00 00 00 00 00 00 00 00 00 00 
CCB0    00 00 00 00 00 00 00 00 00 00 00 00 00 00 00 00 
CCC0    ff 00 ff 00 ff 00 ff 00 ff 00 ff 00 ff 00 ff 00 
CCD0    00 00 ff 00 ff 00 00 00 00 00 00 00 00 00 00 00 
CCE0    96 00 00 00 00 00 00 00 00 00 00 00 00 00 00 00 
CCF0    01 00 02 00 00 1e 00 00 00 00 00 00 00 00 00 00 

--------------------DLM 0x800D00 ------------------------
       	00 01 02 03 04 05 06 07 08 09 0A 0B 0C 0D 0E 0F

CD00    01 00 00 00 01 00 00 00 00 00 00 00 00 00 00 00 
CD10    04 f0 04 00 03 00 00 00 00 00 00 00 00 00 00 00 
CD20    00 00 00 00 00 00 00 00 00 00 00 00 00 00 00 00 
CD30    d0 0d 80 00 00 0a 00 00 e7 db 00 00 04 00 00 00 
CD40    00 00 00 00 00 00 00 00 00 00 00 00 00 00 00 00 
CD50    00 00 00 00 00 00 00 00 00 00 00 00 00 00 00 00 
CD60    00 00 00 00 00 00 00 00 00 00 00 00 00 00 00 00 
CD70    00 00 00 00 00 00 00 00 00 00 00 00 00 00 00 00 
CD80    00 00 00 00 00 00 00 00 00 00 00 00 00 00 00 00 
CD90    00 00 00 00 00 00 00 00 00 00 00 00 00 00 00 00 
CDA0    00 00 00 00 00 00 00 00 00 00 00 00 00 00 00 00 
CDB0    00 00 00 00 00 00 00 00 00 00 00 00 00 00 00 00 
CDC0    00 00 00 00 00 00 00 00 00 00 00 00 00 00 00 00 
CDD0    00 00 00 00 00 00 00 20 04 00 03 00 00 00 00 00 
CDE0    00 00 00 00 00 00 00 00 00 00 00 00 00 00 00 00 
CDF0    00 00 00 00 00 00 00 00 00 00 00 00 00 00 00 00 

--------------------DLM 0x800E00 ------------------------
       	00 01 02 03 04 05 06 07 08 09 0A 0B 0C 0D 0E 0F

CE00    00 00 00 00 00 00 00 00 00 00 00 00 00 00 00 00 
CE10    00 00 00 00 00 00 00 00 00 00 00 00 00 00 00 00 
CE20    00 00 00 00 00 00 00 00 00 00 00 00 00 00 00 00 
CE30    00 00 00 00 00 00 00 00 00 00 00 00 00 00 00 00 
CE40    00 00 00 00 00 00 00 00 00 00 00 00 00 00 00 00 
CE50    00 00 00 00 00 00 00 00 00 00 00 00 00 00 00 00 
CE60    00 00 00 00 00 00 00 00 00 00 00 00 00 00 00 00 
CE70    00 00 00 00 00 00 00 00 00 00 00 00 00 00 00 00 
CE80    00 00 00 00 00 00 00 00 00 03 00 00 82 00 00 00 
CE90    c8 00 c8 00 c8 00 c8 00 b8 01 b8 01 b8 01 b8 01 
CEA0    b0 04 b0 04 b0 04 b0 04 c8 00 b8 01 b0 04 00 00 
CEB0    1d d6 b1 01 1d d6 b1 01 00 00 00 00 00 00 00 00 
CEC0    00 00 00 00 00 00 00 00 00 00 00 00 00 00 00 00 
CED0    00 00 00 00 00 00 00 00 00 00 00 00 00 00 00 00 
CEE0    00 00 00 00 00 00 00 00 00 00 00 00 00 00 00 00 
CEF0    00 00 00 00 00 00 00 00 00 00 00 00 00 00 00 00 

--------------------DLM 0x800F00 ------------------------
       	00 01 02 03 04 05 06 07 08 09 0A 0B 0C 0D 0E 0F

CF00    01 00 00 04 00 00 00 00 00 00 00 00 00 00 00 00 
CF10    00 00 00 00 00 00 00 00 00 00 00 00 00 00 00 00 
CF20    00 00 00 00 00 00 00 00 00 00 00 00 00 00 00 00 
CF30    00 00 00 00 00 00 00 00 00 00 00 00 00 00 00 00 
CF40    00 00 00 00 00 00 00 00 00 00 00 00 00 00 00 00 
CF50    00 00 00 00 00 00 00 00 00 00 00 00 00 00 00 00 
CF60    00 00 00 00 00 00 00 00 00 00 00 00 00 00 00 00 
CF70    00 00 00 00 00 00 00 00 00 00 00 00 00 00 00 00 
CF80    00 00 00 00 00 00 00 00 00 00 00 00 00 00 00 00 
CF90    00 00 00 00 00 00 00 00 00 00 00 00 00 00 00 00 
CFA0    00 00 00 00 00 00 00 00 00 00 00 00 00 00 00 00 
CFB0    00 00 00 00 00 00 00 00 00 00 00 00 00 00 00 00 
CFC0    00 00 00 00 00 00 00 00 00 00 00 00 00 00 00 00 
CFD0    00 00 00 00 00 00 00 00 39 00 00 00 ef 01 00 00 
CFE0    00 00 b0 04 b0 04 00 00 00 00 00 00 00 00 00 00 
CFF0    00 00 00 00 00 00 00 00 00 00 00 00 00 00 00 00 

--------------------DLM 0x801000 ------------------------
       	00 01 02 03 04 05 06 07 08 09 0A 0B 0C 0D 0E 0F

D000    00 00 00 00 00 00 00 00 00 00 00 00 00 00 00 00 
D010    00 00 00 00 00 00 00 00 00 00 00 00 00 00 00 00 
D020    00 00 00 00 00 00 00 00 00 00 00 00 00 00 00 00 
D030    00 00 00 00 00 00 00 00 00 00 00 00 00 00 00 00 
D040    00 00 00 00 00 00 00 00 00 00 00 00 00 00 00 00 
D050    00 00 00 00 00 00 00 00 00 00 00 00 00 00 00 00 
D060    00 00 00 00 00 00 00 00 00 00 00 00 00 00 00 00 
D070    00 00 00 00 00 00 00 00 00 00 00 00 00 00 00 00 
D080    00 00 00 00 00 00 00 00 00 00 00 00 00 00 00 00 
D090    00 00 00 00 00 00 00 00 00 00 00 00 00 00 00 00 
D0A0    00 00 00 00 00 00 00 00 00 00 00 00 00 00 00 00 
D0B0    00 00 00 00 00 00 00 00 00 00 00 00 00 00 00 00 
D0C0    00 00 00 00 00 00 00 00 00 00 00 00 00 00 00 00 
D0D0    2a 02 01 37 62 6e 05 00 00 00 00 00 00 00 00 00 
D0E0    2a 02 01 37 62 6e 05 00 00 00 00 00 00 00 00 00 
D0F0    00 00 00 00 00 00 00 00 00 00 00 00 00 00 00 00 

--------------------DLM 0x801100 ------------------------
       	00 01 02 03 04 05 06 07 08 09 0A 0B 0C 0D 0E 0F

D100    00 11 05 00 5a 90 01 26 a0 d0 02 00 7d c0 03 00 
D110    64 b0 04 00 4e f0 05 00 4b 40 06 00 00 00 00 00 
D120    00 00 00 00 00 00 00 00 00 00 00 00 00 00 00 00 
D130    00 00 00 00 00 00 00 00 00 00 00 00 00 00 00 00 
D140    00 00 32 10 03 01 00 d0 00 00 00 00 00 00 00 00 
D150    00 00 00 00 00 00 00 00 00 00 00 00 00 00 00 00 
D160    00 00 00 00 00 00 00 00 00 00 00 00 00 00 00 00 
D170    00 00 00 00 00 00 00 00 00 00 00 00 00 00 00 00 
D180    00 00 00 00 00 00 00 00 00 00 00 00 00 00 00 00 
D190    00 00 00 00 00 00 00 00 00 00 00 00 00 00 00 00 
D1A0    00 00 00 00 00 00 00 00 00 00 00 00 00 00 00 00 
D1B0    00 00 0e 00 00 22 22 22 22 22 23 23 23 23 23 23 
D1C0    22 22 22 22 23 22 02 00 00 00 02 00 00 00 d1 00 
D1D0    00 00 00 00 00 00 00 00 00 00 00 00 00 00 00 00 
D1E0    00 00 00 00 00 00 05 14 00 00 00 00 00 00 bf bf 
D1F0    3c 00 00 05 ff 00 00 00 00 06 00 00 00 00 16 01 

--------------------DLM 0x801200 ------------------------
       	00 01 02 03 04 05 06 07 08 09 0A 0B 0C 0D 0E 0F

D200    00 00 00 00 00 00 00 00 30 00 04 00 00 00 00 00 
D210    00 00 00 00 00 00 00 00 38 01 0a 00 00 00 00 00 
D220    00 00 00 00 00 00 00 00 00 00 00 00 00 00 00 00 
D230    00 00 00 00 00 00 00 00 00 00 00 00 00 00 00 00 
D240    00 00 00 00 00 00 00 00 00 00 00 00 00 00 00 00 
D250    00 00 00 00 00 00 00 00 00 00 00 00 00 00 00 00 
D260    67 0a 80 00 00 00 00 00 00 00 00 00 00 00 00 00 
D270    00 00 00 00 00 00 00 00 00 00 00 00 00 00 00 00 
D280    00 00 00 00 00 00 00 00 00 00 02 00 00 00 00 00 
D290    00 00 00 00 00 00 00 00 00 00 08 00 00 00 00 00 
D2A0    00 00 00 00 00 00 00 00 00 00 00 00 00 00 00 00 
D2B0    00 00 00 00 00 00 00 00 00 00 00 00 00 00 00 00 
D2C0    00 00 00 00 00 00 00 00 00 00 00 00 00 00 00 00 
D2D0    00 00 00 00 00 00 00 00 00 00 00 00 00 00 00 00 
D2E0    00 00 00 00 00 00 00 00 00 00 00 00 00 00 00 00 
D2F0    00 00 00 00 00 00 00 00 00 00 00 00 00 00 00 00 

--------------------DLM 0x801300 ------------------------
       	00 01 02 03 04 05 06 07 08 09 0A 0B 0C 0D 0E 0F

D300    00 00 00 00 00 00 00 00 00 00 00 00 00 00 00 00 
D310    00 00 00 00 00 00 00 00 00 00 00 00 00 00 00 00 
D320    00 00 00 00 00 00 00 00 00 00 00 00 00 00 00 00 
D330    00 00 00 00 00 00 00 00 00 00 00 00 00 00 00 00 
D340    00 00 00 00 00 00 00 00 00 00 00 00 00 00 00 00 
D350    00 00 00 00 00 00 00 00 00 00 00 00 00 00 00 00 
D360    00 00 00 00 00 00 00 00 00 00 00 00 00 00 00 00 
D370    00 00 00 00 00 00 00 00 00 00 00 00 00 00 00 00 
D380    00 00 00 00 00 00 00 00 00 00 00 00 00 00 00 00 
D390    00 00 00 00 00 00 00 00 00 00 00 00 00 00 00 00 
D3A0    00 00 00 00 00 00 00 00 00 00 00 00 00 00 00 00 
D3B0    00 00 00 00 00 00 00 00 00 00 00 00 00 00 00 00 
D3C0    00 00 00 00 00 00 00 00 00 00 00 00 00 00 00 00 
D3D0    00 00 00 00 00 00 00 00 00 00 00 00 00 00 00 00 
D3E0    00 00 00 00 00 00 00 00 00 00 00 00 00 00 00 00 
D3F0    00 00 00 00 00 00 00 00 00 00 00 00 00 00 00 00 

--------------------DLM 0x801400 ------------------------
       	00 01 02 03 04 05 06 07 08 09 0A 0B 0C 0D 0E 0F

D400    00 00 00 00 00 00 00 00 00 00 00 00 00 00 00 00 
D410    00 00 00 00 00 00 00 00 00 00 00 00 00 00 00 00 
D420    00 00 00 00 00 00 00 00 00 00 00 00 00 00 00 00 
D430    00 00 00 00 00 00 00 00 00 00 00 00 00 00 00 00 
D440    00 00 00 00 00 00 00 00 00 00 00 00 00 00 00 00 
D450    00 00 00 00 00 00 00 00 00 00 00 00 00 00 00 00 
D460    00 00 00 00 00 00 00 00 00 00 00 00 00 00 00 00 
D470    00 00 00 00 00 00 00 00 00 00 00 00 00 00 00 00 
D480    00 00 00 00 00 00 00 00 00 00 00 00 00 00 00 00 
D490    00 00 00 00 00 00 00 00 00 00 00 00 00 00 00 00 
D4A0    00 00 00 00 00 00 00 00 00 00 00 00 00 00 00 00 
D4B0    00 00 00 00 00 00 00 00 00 00 00 00 00 00 00 00 
D4C0    00 00 00 00 00 00 00 00 00 00 00 00 00 00 00 00 
D4D0    00 00 00 00 00 00 00 00 00 00 00 00 00 00 00 00 
D4E0    00 00 00 00 00 00 00 00 00 00 00 00 00 00 00 00 
D4F0    00 00 00 00 00 00 00 00 00 00 00 00 00 00 00 00 

--------------------DLM 0x801500 ------------------------
       	00 01 02 03 04 05 06 07 08 09 0A 0B 0C 0D 0E 0F

D500    13 10 13 13 13 13 13 10 13 10 13 10 13 13 10 10 
D510    13 10 13 10 13 13 13 10 13 13 10 10 13 10 10 13 
D520    10 10 13 13 13 13 10 10 13 10 13 10 13 10 13 10 
D530    13 13 10 10 10 10 10 13 10 10 13 10 10 13 10 10 
D540    10 10 13 13 10 13 10 13 10 13 13 13 13 13 10 13 
D550    13 10 13 10 13 10 10 13 10 13 10 13 10 10 10 10 
D560    13 10 13 13 13 10 13 10 10 10 13 13 10 10 10 13 
D570    10 13 13 10 13 10 10 10 13 13 10 10 13 13 10 13 
D580    10 13 10 13 10 10 13 10 13 10 13 13 10 10 13 10 
D590    13 10 13 13 13 10 13 10 13 13 10 13 10 13 13 10 
D5A0    13 13 10 13 10 13 10 13 10 13 13 13 00 00 00 00 
D5B0    00 00 00 00 00 00 00 00 00 00 00 00 00 00 00 00 
D5C0    00 00 00 00 00 00 00 00 00 00 00 00 00 00 00 00 
D5D0    00 00 00 00 00 00 00 00 00 00 00 00 00 00 00 00 
D5E0    00 00 00 00 00 00 00 00 00 00 00 00 00 00 00 00 
D5F0    00 00 00 00 00 00 00 00 00 00 00 00 00 00 10 ac 

--------------------DLM 0x801600 ------------------------
       	00 01 02 03 04 05 06 07 08 09 0A 0B 0C 0D 0E 0F

D600    ff ff ff ff ff ff ff ff ff ff ff ff ff ff ff ff 
D610    ff ff ff ff ff ff ff ff ff ff ff ff ff ff ff ff 
D620    ff ff ff ff ff ff ff ff ff ff ff ff ff ff ff ff 
D630    ff ff ff ff ff ff ff ff ff ff ff ff ff ff ff ff 
D640    ff ff ff ff ff ff ff ff ff ff ff ff ff ff ff ff 
D650    ff ff ff ff ff ff ff ff ff ff ff ff ff ff ff ff 
D660    ff ff ff ff ff ff ff ff ff ff ff ff ff ff ff ff 
D670    ff ff ff ff ff ff ff ff ff ff ff ff ff ff ff ff 
D680    ff ff ff ff ff ff ff ff ff ff ff ff ff ff ff ff 
D690    ff ff ff ff ff ff ff ff ff ff ff ff ff ff ff ff 
D6A0    ff ff ff ff ff ff ff ff ff ff ff ff ff ff ff ff 
D6B0    ff ff ff ff ff ff ff ff ff ff ff ff ff ff ff ff 
D6C0    ff ff ff ff ff ff ff ff ff ff ff ff ff ff ff ff 
D6D0    ff ff ff ff ff ff ff ff ff ff ff ff ff ff ff ff 
D6E0    ff ff ff ff ff ff ff ff ff ff ff ff ff ff ff ff 
D6F0    ff ff ff ff ff ff ff ff ff ff ff ff ff ff ff ff 

--------------------DLM 0x801700 ------------------------
       	00 01 02 03 04 05 06 07 08 09 0A 0B 0C 0D 0E 0F

D700    00 00 00 00 00 00 00 00 00 00 00 00 00 00 00 00 
D710    00 00 00 00 00 00 00 00 00 00 00 00 00 00 00 00 
D720    00 00 00 00 00 00 00 00 00 00 00 00 00 00 00 00 
D730    00 00 00 00 00 00 00 00 00 00 00 00 00 00 00 00 
D740    00 00 00 00 00 00 00 00 00 00 00 00 00 00 00 00 
D750    00 00 00 00 00 00 00 00 00 00 00 00 00 00 00 00 
D760    00 00 00 00 00 00 00 00 00 00 00 00 00 00 00 00 
D770    00 00 00 00 00 00 00 00 00 00 00 00 00 00 00 00 
D780    00 00 00 00 00 00 00 00 00 00 00 00 00 00 00 00 
D790    00 00 00 00 00 00 00 00 00 00 00 00 00 00 00 00 
D7A0    00 00 00 00 00 00 00 00 00 00 00 00 00 00 00 00 
D7B0    00 00 00 00 00 00 00 00 00 00 00 00 00 00 00 00 
D7C0    00 00 00 00 00 00 00 00 00 00 00 00 00 00 00 00 
D7D0    00 00 00 00 00 00 00 00 00 00 00 00 00 00 00 00 
D7E0    00 00 00 00 00 00 00 00 00 00 00 00 00 00 00 00 
D7F0    00 00 00 00 00 00 00 00 00 00 00 00 00 00 00 00 

--------------------DLM 0x801800 ------------------------
       	00 01 02 03 04 05 06 07 08 09 0A 0B 0C 0D 0E 0F

D800    00 00 00 00 00 00 00 00 00 00 00 00 00 00 00 00 
D810    00 00 00 00 00 00 00 00 00 00 00 00 00 00 00 00 
D820    00 00 00 00 00 00 00 00 00 00 00 00 00 00 00 00 
D830    00 00 00 00 00 00 00 00 00 00 00 00 00 00 00 00 
D840    00 00 00 00 00 00 00 00 00 00 00 00 00 00 00 00 
D850    00 00 00 00 00 00 00 00 00 00 00 00 00 00 00 00 
D860    00 00 00 00 00 00 00 00 00 00 00 00 00 00 00 00 
D870    00 00 00 00 00 00 00 00 00 00 00 00 00 00 00 00 
D880    00 00 00 00 00 00 00 00 00 00 00 00 00 00 00 00 
D890    00 00 00 00 00 00 00 00 00 00 00 00 00 00 00 00 
D8A0    00 00 00 00 00 00 00 00 00 00 00 00 00 00 00 00 
D8B0    00 00 00 00 00 00 00 00 00 00 00 00 00 00 00 00 
D8C0    00 00 00 00 00 00 00 00 00 00 00 00 00 00 00 00 
D8D0    00 00 00 00 00 00 00 00 00 00 00 00 00 00 00 00 
D8E0    00 00 00 00 00 00 00 00 00 00 00 00 00 00 00 00 
D8F0    00 00 00 00 00 00 00 00 00 00 00 00 00 00 00 00 

--------------------DLM 0x801900 ------------------------
       	00 01 02 03 04 05 06 07 08 09 0A 0B 0C 0D 0E 0F

D900    00 00 00 00 00 00 00 00 00 00 00 00 00 00 00 00 
D910    00 00 00 00 00 00 00 00 00 00 00 00 00 00 00 00 
D920    00 00 00 00 00 00 00 00 00 00 00 00 00 00 00 00 
D930    00 00 00 00 00 00 00 00 00 00 00 00 00 00 00 00 
D940    00 00 00 00 00 00 00 00 00 00 00 00 00 00 00 00 
D950    00 00 00 00 00 00 00 00 00 00 00 00 00 00 00 00 
D960    00 00 00 00 00 00 00 00 00 00 00 00 00 00 00 00 
D970    00 00 00 00 00 00 00 00 00 00 00 00 00 00 00 00 
D980    00 00 00 00 00 00 00 00 00 00 00 00 00 00 00 00 
D990    00 00 00 00 00 00 00 00 00 00 00 00 00 00 00 00 
D9A0    00 00 00 00 00 00 00 00 00 00 00 00 00 00 00 00 
D9B0    00 00 00 00 00 00 00 00 00 00 00 00 00 00 00 00 
D9C0    00 00 00 00 00 00 00 00 00 00 00 00 00 00 00 00 
D9D0    00 00 00 00 00 00 00 00 00 00 00 00 00 00 00 00 
D9E0    00 00 00 00 00 00 00 00 00 00 00 00 00 00 00 00 
D9F0    00 00 00 00 00 00 00 00 00 00 00 00 00 00 00 00 

--------------------DLM 0x801A00 ------------------------
       	00 01 02 03 04 05 06 07 08 09 0A 0B 0C 0D 0E 0F

DA00    00 00 00 00 00 00 00 00 00 00 00 00 00 00 00 00 
DA10    00 00 00 00 00 00 00 00 00 00 00 00 00 00 00 00 
DA20    00 00 00 00 00 00 00 00 00 00 00 00 00 00 00 00 
DA30    00 00 00 00 00 00 00 00 00 00 00 00 00 00 00 00 
DA40    00 00 00 00 00 00 00 00 00 00 00 00 00 00 00 00 
DA50    00 00 00 00 00 00 00 00 00 00 00 00 00 00 00 00 
DA60    00 00 00 00 00 00 00 00 00 00 00 00 00 00 00 00 
DA70    00 00 00 00 00 00 00 00 00 00 00 00 00 00 00 00 
DA80    00 00 00 00 00 00 00 00 00 00 00 00 00 00 00 00 
DA90    00 00 00 00 00 00 00 00 00 00 00 00 00 00 00 00 
DAA0    00 00 00 00 00 00 00 00 00 00 00 00 00 00 00 00 
DAB0    00 00 00 00 00 00 00 00 00 00 00 00 00 00 00 00 
DAC0    00 00 00 00 00 00 00 00 00 00 00 00 00 00 00 00 
DAD0    00 00 00 00 00 00 00 00 00 00 00 00 00 00 00 00 
DAE0    00 00 00 00 00 00 00 00 00 00 00 00 00 00 00 00 
DAF0    00 00 00 00 00 00 00 00 00 00 00 00 00 00 00 00 

--------------------DLM 0x801B00 ------------------------
       	00 01 02 03 04 05 06 07 08 09 0A 0B 0C 0D 0E 0F

DB00    00 00 00 00 00 00 00 00 00 00 00 00 00 00 00 00 
DB10    00 00 00 00 00 00 00 00 00 00 00 00 00 00 00 00 
DB20    00 00 00 00 00 00 00 00 00 00 00 00 00 00 00 00 
DB30    00 00 00 00 00 00 00 00 00 00 00 00 00 00 00 00 
DB40    00 00 00 00 00 00 00 00 00 00 00 00 00 00 00 00 
DB50    00 00 00 00 00 00 00 00 00 00 00 00 00 00 00 00 
DB60    00 00 00 00 00 00 00 00 00 00 00 00 00 00 00 00 
DB70    00 00 00 00 00 00 00 00 00 00 00 00 00 00 00 00 
DB80    00 00 00 00 00 00 00 00 00 00 00 00 00 00 00 00 
DB90    00 00 00 00 00 00 00 00 00 00 00 00 00 00 00 00 
DBA0    00 00 00 00 00 00 00 00 00 00 00 00 00 00 00 00 
DBB0    00 00 00 00 00 00 00 00 00 00 00 00 00 00 00 00 
DBC0    00 00 00 00 00 00 00 00 00 00 00 00 00 00 00 00 
DBD0    00 00 00 00 00 00 00 00 00 00 00 00 00 00 00 00 
DBE0    00 00 00 00 00 00 00 00 00 00 00 00 00 00 00 00 
DBF0    00 00 00 00 00 00 00 00 00 00 00 00 00 00 00 00 

--------------------DLM 0x801C00 ------------------------
       	00 01 02 03 04 05 06 07 08 09 0A 0B 0C 0D 0E 0F

DC00    00 00 00 00 00 00 00 00 00 00 00 00 00 00 00 00 
DC10    00 00 00 00 00 00 00 00 00 00 00 00 00 00 00 00 
DC20    00 00 00 00 00 00 00 00 00 00 00 00 00 00 00 00 
DC30    00 00 00 00 00 00 00 00 00 00 00 00 00 00 00 00 
DC40    00 00 00 00 00 00 00 00 00 00 00 00 00 00 00 00 
DC50    00 00 00 00 00 00 00 00 00 00 00 00 00 00 00 00 
DC60    00 00 00 00 00 00 00 00 00 00 00 00 00 00 00 00 
DC70    00 00 00 00 00 00 00 00 00 00 00 00 00 00 00 00 
DC80    00 00 00 00 00 00 00 00 00 00 00 00 00 00 00 00 
DC90    00 00 00 00 00 00 00 00 00 00 00 00 00 00 00 00 
DCA0    00 00 00 00 00 00 00 00 00 00 00 00 00 00 00 00 
DCB0    00 00 00 00 00 00 00 00 00 00 00 00 00 00 00 00 
DCC0    00 00 00 00 00 00 00 00 00 00 00 00 00 00 00 00 
DCD0    00 00 00 00 00 00 00 00 00 00 00 00 00 00 00 00 
DCE0    00 00 00 00 00 00 00 00 00 00 00 00 00 00 00 00 
DCF0    00 00 00 00 00 00 00 00 00 00 00 00 00 00 00 00 

--------------------DLM 0x801D00 ------------------------
       	00 01 02 03 04 05 06 07 08 09 0A 0B 0C 0D 0E 0F

DD00    00 00 00 00 00 00 00 00 00 00 00 00 00 00 00 00 
DD10    00 00 00 00 00 00 00 00 00 00 00 00 00 00 00 00 
DD20    00 00 00 00 00 00 00 00 00 00 00 00 00 00 00 00 
DD30    00 00 00 00 00 00 00 00 00 00 00 00 00 00 00 00 
DD40    00 00 00 00 00 00 00 00 00 00 00 00 00 00 00 00 
DD50    00 00 00 00 00 00 00 00 00 00 00 00 00 00 00 00 
DD60    00 00 00 00 00 00 00 00 00 00 00 00 00 00 00 00 
DD70    00 00 00 00 00 00 00 00 00 00 00 00 00 00 00 00 
DD80    00 00 00 00 00 00 00 00 00 00 00 00 00 00 00 00 
DD90    00 00 00 00 00 00 00 00 00 00 00 00 00 00 00 00 
DDA0    00 00 00 00 00 00 00 00 00 00 00 00 00 00 00 00 
DDB0    00 00 00 00 00 00 00 00 00 00 00 00 00 00 00 00 
DDC0    00 00 00 00 00 00 00 00 00 00 00 00 00 00 00 00 
DDD0    00 00 00 00 00 00 00 00 00 00 00 00 00 00 00 00 
DDE0    00 00 00 00 00 00 00 00 00 00 00 00 00 00 00 00 
DDF0    00 00 00 00 00 00 00 00 00 00 00 00 00 00 00 00 

--------------------DLM 0x801E00 ------------------------
       	00 01 02 03 04 05 06 07 08 09 0A 0B 0C 0D 0E 0F

DE00    00 00 00 00 00 00 00 00 00 00 00 00 00 00 00 00 
DE10    00 00 00 00 00 00 00 00 00 00 00 00 00 00 00 00 
DE20    00 00 00 00 00 00 00 00 00 00 00 00 00 00 00 00 
DE30    00 00 0f 02 01 00 00 00 00 00 00 00 00 19 37 96 
DE40    00 23 00 00 00 00 00 00 41 00 00 00 00 60 00 00 
DE50    00 00 00 00 00 00 00 00 00 00 00 00 00 01 00 00 
DE60    00 00 00 00 00 00 00 00 00 00 00 00 00 00 00 00 
DE70    00 00 00 00 00 00 00 00 00 00 00 00 00 00 00 00 
DE80    00 00 00 00 00 00 00 00 00 00 00 00 00 00 00 00 
DE90    00 00 00 00 00 00 00 00 00 00 00 00 00 00 00 00 
DEA0    00 00 00 00 00 00 00 00 00 00 00 00 00 00 00 00 
DEB0    00 00 00 00 00 00 00 00 00 00 00 00 00 00 00 00 
DEC0    00 00 00 00 00 00 00 00 00 00 00 00 00 00 00 00 
DED0    00 00 00 00 00 00 00 00 00 00 00 00 00 00 00 00 
DEE0    00 00 00 00 00 00 00 00 00 00 00 00 00 00 00 00 
DEF0    00 00 00 00 00 00 00 00 00 00 00 00 00 00 00 00 

--------------------DLM 0x801F00 ------------------------
       	00 01 02 03 04 05 06 07 08 09 0A 0B 0C 0D 0E 0F

DF00    00 00 00 00 00 00 00 00 00 00 00 00 00 00 00 00 
DF10    00 00 00 00 00 00 00 00 00 00 00 00 00 00 00 00 
DF20    00 00 00 00 00 00 00 00 00 00 00 00 00 00 00 00 
DF30    00 00 00 00 00 00 00 00 00 00 00 00 00 00 00 00 
DF40    00 00 00 00 00 00 00 00 00 00 00 00 00 00 00 00 
DF50    00 00 00 00 00 00 00 00 00 00 00 00 00 00 00 00 
DF60    00 00 00 00 00 00 00 00 00 00 00 00 00 00 00 00 
DF70    00 00 00 00 00 00 00 00 00 00 00 00 00 00 00 00 
DF80    00 00 00 00 00 00 00 00 00 00 00 00 00 00 00 00 
DF90    00 00 00 00 00 00 00 00 00 00 00 00 00 00 00 00 
DFA0    00 00 00 00 00 00 00 00 00 00 00 00 00 00 00 00 
DFB0    00 00 00 00 00 00 00 00 00 00 00 00 00 00 00 00 
DFC0    00 00 00 00 00 00 00 00 00 00 00 00 00 00 00 00 
DFD0    00 00 00 00 00 00 00 00 00 00 00 00 00 00 00 00 
DFE0    00 00 00 00 00 00 00 00 00 00 00 00 00 00 00 00 
DFF0    00 00 00 00 00 00 00 00 00 00 00 00 00 00 00 00 

---------------         UART1          ----------------
      00 01 02 03 04 05 06 07 08 09 0A 0B 0C 0D 0E 0F

00    00 00 00 00 00 00 00 01 00 00 00 00 00 00 00 00 
10    00 00 00 00 00 00 00 00 00 00 00 00 00 00 00 00 
20    13 66 04 01 05 00 00 00 00 00 00 00 01 00 12 03 
30    00 00 00 00 00 00 00 00 00 00 00 00 00 00 00 00 
40    00 00 00 00 00 00 00 00 00 00 00 00 00 00 00 00 
50    00 00 00 00 00 00 00 00 00 00 00 00 00 00 00 00 
60    03 f8 00 00 00 00 00 00 00 00 00 00 00 00 00 00 
70    04 02 00 00 04 04 00 00 00 00 00 00 00 00 00 00 
80    00 00 00 00 00 00 00 00 00 00 00 00 00 00 00 00 
90    00 00 00 00 00 00 00 00 00 00 00 00 00 00 00 00 
A0    00 00 00 00 00 00 00 00 00 00 00 00 00 00 00 00 
B0    00 00 00 00 00 00 00 00 00 00 00 00 00 00 00 00 
C0    00 00 00 00 00 00 00 00 00 00 00 00 00 00 00 00 
D0    00 00 00 00 00 00 00 00 00 00 00 00 00 00 00 00 
E0    00 00 00 00 00 00 00 00 00 00 00 00 00 00 00 00 
F0    00 00 00 00 00 00 00 00 00 00 00 00 00 00 00 00 

---------------         UART2          ----------------
      00 01 02 03 04 05 06 07 08 09 0A 0B 0C 0D 0E 0F

00    00 00 00 00 00 00 00 02 00 00 00 00 00 00 00 00 
10    00 00 00 00 00 00 00 00 00 00 00 00 00 00 00 00 
20    13 66 04 01 05 00 00 00 00 00 00 00 01 00 12 03 
30    00 00 00 00 00 00 00 00 00 00 00 00 00 00 00 00 
40    00 00 00 00 00 00 00 00 00 00 00 00 00 00 00 00 
50    00 00 00 00 00 00 00 00 00 00 00 00 00 00 00 00 
60    02 f8 00 00 00 00 00 00 00 00 00 00 00 00 00 00 
70    03 02 00 00 04 04 00 00 00 00 00 00 00 00 00 00 
80    00 00 00 00 00 00 00 00 00 00 00 00 00 00 00 00 
90    00 00 00 00 00 00 00 00 00 00 00 00 00 00 00 00 
A0    00 00 00 00 00 00 00 00 00 00 00 00 00 00 00 00 
B0    00 00 00 00 00 00 00 00 00 00 00 00 00 00 00 00 
C0    00 00 00 00 00 00 00 00 00 00 00 00 00 00 00 00 
D0    00 00 00 00 00 00 00 00 00 00 00 00 00 00 00 00 
E0    00 00 00 00 00 00 00 00 00 00 00 00 00 00 00 00 
F0    00 00 00 00 00 00 00 00 00 00 00 00 00 00 00 00 

---------------         LPT                ----------------
      00 01 02 03 04 05 06 07 08 09 0A 0B 0C 0D 0E 0F

00    00 00 00 00 00 00 00 03 00 00 00 00 00 00 00 00 
10    00 00 00 00 00 00 00 00 00 00 00 00 00 00 00 00 
20    13 66 04 01 05 00 00 00 00 00 00 00 01 00 12 03 
30    00 00 00 00 00 00 00 00 00 00 00 00 00 00 00 00 
40    00 00 00 00 00 00 00 00 00 00 00 00 00 00 00 00 
50    00 00 00 00 00 00 00 00 00 00 00 00 00 00 00 00 
60    00 00 00 00 00 00 00 00 00 00 00 00 00 00 00 00 
70    00 00 00 00 00 00 00 00 00 00 00 00 00 00 00 00 
80    00 00 00 00 00 00 00 00 00 00 00 00 00 00 00 00 
90    00 00 00 00 00 00 00 00 00 00 00 00 00 00 00 00 
A0    00 00 00 00 00 00 00 00 00 00 00 00 00 00 00 00 
B0    00 00 00 00 00 00 00 00 00 00 00 00 00 00 00 00 
C0    00 00 00 00 00 00 00 00 00 00 00 00 00 00 00 00 
D0    00 00 00 00 00 00 00 00 00 00 00 00 00 00 00 00 
E0    00 00 00 00 00 00 00 00 00 00 00 00 00 00 00 00 
F0    00 00 00 00 00 00 00 00 00 00 00 00 00 00 00 00 

---------------         SWUC           ----------------
      00 01 02 03 04 05 06 07 08 09 0A 0B 0C 0D 0E 0F

00    00 00 00 00 00 00 00 04 00 00 00 00 00 00 00 00 
10    00 00 00 00 00 00 00 00 00 00 00 00 00 00 00 00 
20    13 66 04 01 05 00 00 00 00 00 00 00 01 00 12 03 
30    00 00 00 00 00 00 00 00 00 00 00 00 00 00 00 00 
40    00 00 00 00 00 00 00 00 00 00 00 00 00 00 00 00 
50    00 00 00 00 00 00 00 00 00 00 00 00 00 00 00 00 
60    00 00 00 00 00 00 00 00 00 00 00 00 00 00 00 00 
70    00 01 00 00 04 04 00 00 00 00 00 00 00 00 00 00 
80    00 00 00 00 00 00 00 00 00 00 00 00 00 00 00 00 
90    00 00 00 00 00 00 00 00 00 00 00 00 00 00 00 00 
A0    00 00 00 00 00 00 00 00 00 00 00 00 00 00 00 00 
B0    00 00 00 00 00 00 00 00 00 00 00 00 00 00 00 00 
C0    00 00 00 00 00 00 00 00 00 00 00 00 00 00 00 00 
D0    00 00 00 00 00 00 00 00 00 00 00 00 00 00 00 00 
E0    00 00 00 00 00 00 00 00 00 00 00 00 00 00 00 00 
F0    00 00 00 00 00 00 00 00 00 00 00 00 00 00 00 00 

---------------         KBC_MS       ----------------
      00 01 02 03 04 05 06 07 08 09 0A 0B 0C 0D 0E 0F

00    00 00 00 00 00 00 00 05 00 00 00 00 00 00 00 00 
10    00 00 00 00 00 00 00 00 00 00 00 00 00 00 00 00 
20    13 66 04 01 05 00 00 00 00 00 00 00 01 00 12 03 
30    01 00 00 00 00 00 00 00 00 00 00 00 00 00 00 00 
40    00 00 00 00 00 00 00 00 00 00 00 00 00 00 00 00 
50    00 00 00 00 00 00 00 00 00 00 00 00 00 00 00 00 
60    00 00 00 00 00 00 00 00 00 00 00 00 00 00 00 00 
70    0c 03 00 00 04 04 00 00 00 00 00 00 00 00 00 00 
80    00 00 00 00 00 00 00 00 00 00 00 00 00 00 00 00 
90    00 00 00 00 00 00 00 00 00 00 00 00 00 00 00 00 
A0    00 00 00 00 00 00 00 00 00 00 00 00 00 00 00 00 
B0    00 00 00 00 00 00 00 00 00 00 00 00 00 00 00 00 
C0    00 00 00 00 00 00 00 00 00 00 00 00 00 00 00 00 
D0    00 00 00 00 00 00 00 00 00 00 00 00 00 00 00 00 
E0    00 00 00 00 00 00 00 00 00 00 00 00 00 00 00 00 
F0    00 00 00 00 00 00 00 00 00 00 00 00 00 00 00 00 

---------------         KBC_KB         ----------------
      00 01 02 03 04 05 06 07 08 09 0A 0B 0C 0D 0E 0F

00    00 00 00 00 00 00 00 06 00 00 00 00 00 00 00 00 
10    00 00 00 00 00 00 00 00 00 00 00 00 00 00 00 00 
20    13 66 04 01 05 00 00 00 00 00 00 00 01 00 12 03 
30    01 00 00 00 00 00 00 00 00 00 00 00 00 00 00 00 
40    00 00 00 00 00 00 00 00 00 00 00 00 00 00 00 00 
50    00 00 00 00 00 00 00 00 00 00 00 00 00 00 00 00 
60    00 60 00 64 00 00 00 00 00 00 00 00 00 00 00 00 
70    01 03 00 00 04 04 00 00 00 00 00 00 00 00 00 00 
80    00 00 00 00 00 00 00 00 00 00 00 00 00 00 00 00 
90    00 00 00 00 00 00 00 00 00 00 00 00 00 00 00 00 
A0    00 00 00 00 00 00 00 00 00 00 00 00 00 00 00 00 
B0    00 00 00 00 00 00 00 00 00 00 00 00 00 00 00 00 
C0    00 00 00 00 00 00 00 00 00 00 00 00 00 00 00 00 
D0    00 00 00 00 00 00 00 00 00 00 00 00 00 00 00 00 
E0    00 00 00 00 00 00 00 00 00 00 00 00 00 00 00 00 
F0    00 00 00 00 00 00 00 00 00 00 00 00 00 00 00 00 

---------------         UART3          ----------------
      00 01 02 03 04 05 06 07 08 09 0A 0B 0C 0D 0E 0F

00    00 00 00 00 00 00 00 08 00 00 00 00 00 00 00 00 
10    00 00 00 00 00 00 00 00 00 00 00 00 00 00 00 00 
20    13 66 04 01 05 00 00 00 00 00 00 00 01 00 12 03 
30    00 00 00 00 00 00 00 00 00 00 00 00 00 00 00 00 
40    00 00 00 00 00 00 00 00 00 00 00 00 00 00 00 00 
50    00 00 00 00 00 00 00 00 00 00 00 00 00 00 00 00 
60    00 00 00 00 00 00 00 00 00 00 00 00 00 00 00 00 
70    00 00 00 00 00 00 00 00 00 00 00 00 00 00 00 00 
80    00 00 00 00 00 00 00 00 00 00 00 00 00 00 00 00 
90    00 00 00 00 00 00 00 00 00 00 00 00 00 00 00 00 
A0    00 00 00 00 00 00 00 00 00 00 00 00 00 00 00 00 
B0    00 00 00 00 00 00 00 00 00 00 00 00 00 00 00 00 
C0    00 00 00 00 00 00 00 00 00 00 00 00 00 00 00 00 
D0    00 00 00 00 00 00 00 00 00 00 00 00 00 00 00 00 
E0    00 00 00 00 00 00 00 00 00 00 00 00 00 00 00 00 
F0    00 00 00 00 00 00 00 00 00 00 00 00 00 00 00 00 

---------------         UART4          ----------------
      00 01 02 03 04 05 06 07 08 09 0A 0B 0C 0D 0E 0F

00    00 00 00 00 00 00 00 09 00 00 00 00 00 00 00 00 
10    00 00 00 00 00 00 00 00 00 00 00 00 00 00 00 00 
20    13 66 04 01 05 00 00 00 00 00 00 00 01 00 12 03 
30    00 00 00 00 00 00 00 00 00 00 00 00 00 00 00 00 
40    00 00 00 00 00 00 00 00 00 00 00 00 00 00 00 00 
50    00 00 00 00 00 00 00 00 00 00 00 00 00 00 00 00 
60    00 00 00 00 00 00 00 00 00 00 00 00 00 00 00 00 
70    00 00 00 00 00 00 00 00 00 00 00 00 00 00 00 00 
80    00 00 00 00 00 00 00 00 00 00 00 00 00 00 00 00 
90    00 00 00 00 00 00 00 00 00 00 00 00 00 00 00 00 
A0    00 00 00 00 00 00 00 00 00 00 00 00 00 00 00 00 
B0    00 00 00 00 00 00 00 00 00 00 00 00 00 00 00 00 
C0    00 00 00 00 00 00 00 00 00 00 00 00 00 00 00 00 
D0    00 00 00 00 00 00 00 00 00 00 00 00 00 00 00 00 
E0    00 00 00 00 00 00 00 00 00 00 00 00 00 00 00 00 
F0    00 00 00 00 00 00 00 00 00 00 00 00 00 00 00 00 

---------------         CIR                ----------------
      00 01 02 03 04 05 06 07 08 09 0A 0B 0C 0D 0E 0F

00    00 00 00 00 00 00 00 0a 00 00 00 00 00 00 00 00 
10    00 00 00 00 00 00 00 00 00 00 00 00 00 00 00 00 
20    13 66 04 01 05 00 00 00 00 00 00 00 01 00 12 03 
30    00 00 00 00 00 00 00 00 00 00 00 00 00 00 00 00 
40    00 00 00 00 00 00 00 00 00 00 00 00 00 00 00 00 
50    00 00 00 00 00 00 00 00 00 00 00 00 00 00 00 00 
60    03 10 00 00 00 00 00 00 00 00 00 00 00 00 00 00 
70    00 02 00 00 04 04 00 00 00 00 00 00 00 00 00 00 
80    00 00 00 00 00 00 00 00 00 00 00 00 00 00 00 00 
90    00 00 00 00 00 00 00 00 00 00 00 00 00 00 00 00 
A0    00 00 00 00 00 00 00 00 00 00 00 00 00 00 00 00 
B0    00 00 00 00 00 00 00 00 00 00 00 00 00 00 00 00 
C0    00 00 00 00 00 00 00 00 00 00 00 00 00 00 00 00 
D0    00 00 00 00 00 00 00 00 00 00 00 00 00 00 00 00 
E0    00 00 00 00 00 00 00 00 00 00 00 00 00 00 00 00 
F0    00 00 00 00 00 00 00 00 00 00 00 00 00 00 00 00 

---------------         UART5          ----------------
      00 01 02 03 04 05 06 07 08 09 0A 0B 0C 0D 0E 0F

00    00 00 00 00 00 00 00 0b 00 00 00 00 00 00 00 00 
10    00 00 00 00 00 00 00 00 00 00 00 00 00 00 00 00 
20    13 66 04 01 05 00 00 00 00 00 00 00 01 00 12 03 
30    00 00 00 00 00 00 00 00 00 00 00 00 00 00 00 00 
40    00 00 00 00 00 00 00 00 00 00 00 00 00 00 00 00 
50    00 00 00 00 00 00 00 00 00 00 00 00 00 00 00 00 
60    00 00 00 00 00 00 00 00 00 00 00 00 00 00 00 00 
70    00 00 00 00 00 00 00 00 00 00 00 00 00 00 00 00 
80    00 00 00 00 00 00 00 00 00 00 00 00 00 00 00 00 
90    00 00 00 00 00 00 00 00 00 00 00 00 00 00 00 00 
A0    00 00 00 00 00 00 00 00 00 00 00 00 00 00 00 00 
B0    00 00 00 00 00 00 00 00 00 00 00 00 00 00 00 00 
C0    00 00 00 00 00 00 00 00 00 00 00 00 00 00 00 00 
D0    00 00 00 00 00 00 00 00 00 00 00 00 00 00 00 00 
E0    00 00 00 00 00 00 00 00 00 00 00 00 00 00 00 00 
F0    00 00 00 00 00 00 00 00 00 00 00 00 00 00 00 00 

---------------         UART6          ----------------
      00 01 02 03 04 05 06 07 08 09 0A 0B 0C 0D 0E 0F

00    00 00 00 00 00 00 00 0c 00 00 00 00 00 00 00 00 
10    00 00 00 00 00 00 00 00 00 00 00 00 00 00 00 00 
20    13 66 04 01 05 00 00 00 00 00 00 00 01 00 12 03 
30    00 00 00 00 00 00 00 00 00 00 00 00 00 00 00 00 
40    00 00 00 00 00 00 00 00 00 00 00 00 00 00 00 00 
50    00 00 00 00 00 00 00 00 00 00 00 00 00 00 00 00 
60    00 00 00 00 00 00 00 00 00 00 00 00 00 00 00 00 
70    00 00 00 00 00 00 00 00 00 00 00 00 00 00 00 00 
80    00 00 00 00 00 00 00 00 00 00 00 00 00 00 00 00 
90    00 00 00 00 00 00 00 00 00 00 00 00 00 00 00 00 
A0    00 00 00 00 00 00 00 00 00 00 00 00 00 00 00 00 
B0    00 00 00 00 00 00 00 00 00 00 00 00 00 00 00 00 
C0    00 00 00 00 00 00 00 00 00 00 00 00 00 00 00 00 
D0    00 00 00 00 00 00 00 00 00 00 00 00 00 00 00 00 
E0    00 00 00 00 00 00 00 00 00 00 00 00 00 00 00 00 
F0    00 00 00 00 00 00 00 00 00 00 00 00 00 00 00 00 

---------------         SMFI             ----------------
      00 01 02 03 04 05 06 07 08 09 0A 0B 0C 0D 0E 0F

00    00 00 00 00 00 00 00 0f 00 00 00 00 00 00 00 00 
10    00 00 00 00 00 00 00 00 00 00 00 00 00 00 00 00 
20    13 66 04 01 05 00 00 00 00 00 00 00 01 00 12 03 
30    01 00 00 00 00 00 00 00 00 00 00 00 00 00 00 00 
40    00 00 00 00 00 00 00 00 00 00 00 00 00 00 00 00 
50    00 00 00 00 00 00 00 00 00 00 00 00 00 00 00 00 
60    02 00 00 00 00 00 00 00 00 00 00 00 00 00 00 00 
70    00 02 00 00 04 04 00 00 00 00 00 00 00 00 00 00 
80    00 00 00 00 00 00 00 00 00 00 00 00 00 00 00 00 
90    00 00 00 00 00 00 00 00 00 00 00 00 00 00 00 00 
A0    00 00 00 00 00 00 00 00 00 00 00 00 00 00 00 00 
B0    00 00 00 00 00 00 00 00 00 00 00 00 00 00 00 00 
C0    00 00 00 00 00 00 00 00 00 00 00 00 00 00 00 00 
D0    00 00 00 00 00 00 00 00 00 00 00 00 00 00 00 00 
E0    00 00 00 00 00 00 00 00 00 00 00 00 00 00 00 00 
F0    00 00 00 00 09 00 50 00 00 00 00 00 fe 00 00 00 

---------------         BRAM           ----------------
      00 01 02 03 04 05 06 07 08 09 0A 0B 0C 0D 0E 0F

00    00 00 00 00 00 00 00 10 00 00 00 00 00 00 00 00 
10    00 00 00 00 00 00 00 00 00 00 00 00 00 00 00 00 
20    13 66 04 01 05 00 00 00 00 00 00 00 01 00 12 03 
30    01 00 00 00 00 00 00 00 00 00 00 00 00 00 00 00 
40    00 00 00 00 00 00 00 00 00 00 00 00 00 00 00 00 
50    00 00 00 00 00 00 00 00 00 00 00 00 00 00 00 00 
60    02 70 03 80 00 00 00 00 00 00 00 00 00 00 00 00 
70    08 01 00 00 04 04 00 00 00 00 00 00 00 00 00 00 
80    00 00 00 00 00 00 00 00 00 00 00 00 00 00 00 00 
90    00 00 00 00 00 00 00 00 00 00 00 00 00 00 00 00 
A0    00 00 00 00 00 00 00 00 00 00 00 00 00 00 00 00 
B0    00 00 00 00 00 00 00 00 00 00 00 00 00 00 00 00 
C0    00 00 00 00 00 00 00 00 00 00 00 00 00 00 00 00 
D0    00 00 00 00 00 00 00 00 00 00 00 00 00 00 00 00 
E0    00 00 00 00 00 00 00 00 00 00 00 00 00 00 00 00 
F0    00 49 4a 30 30 30 00 00 00 00 00 00 00 00 00 00 

---------------         PMC1            ----------------
      00 01 02 03 04 05 06 07 08 09 0A 0B 0C 0D 0E 0F

00    00 00 00 00 00 00 00 11 00 00 00 00 00 00 00 00 
10    00 00 00 00 00 00 00 00 00 00 00 00 00 00 00 00 
20    13 66 04 01 05 00 00 00 00 00 00 00 01 00 12 03 
30    01 00 00 00 00 00 00 00 00 00 00 00 00 00 00 00 
40    00 00 00 00 00 00 00 00 00 00 00 00 00 00 00 00 
50    00 00 00 00 00 00 00 00 00 00 00 00 00 00 00 00 
60    00 62 00 66 00 00 00 00 00 00 00 00 00 00 00 00 
70    00 01 00 00 04 04 00 00 00 00 00 00 00 00 00 00 
80    00 00 00 00 00 00 00 00 00 00 00 00 00 00 00 00 
90    00 00 00 00 00 00 00 00 00 00 00 00 00 00 00 00 
A0    00 00 00 00 00 00 00 00 00 00 00 00 00 00 00 00 
B0    00 00 00 00 00 00 00 00 00 00 00 00 00 00 00 00 
C0    00 00 00 00 00 00 00 00 00 00 00 00 00 00 00 00 
D0    00 00 00 00 00 00 00 00 00 00 00 00 00 00 00 00 
E0    00 00 00 00 00 00 00 00 00 00 00 00 00 00 00 00 
F0    00 00 00 00 00 00 00 00 00 00 00 00 00 00 00 00 

---------------         PMC2            ----------------
      00 01 02 03 04 05 06 07 08 09 0A 0B 0C 0D 0E 0F

00    00 00 00 00 00 00 00 12 00 00 00 00 00 00 00 00 
10    00 00 00 00 00 00 00 00 00 00 00 00 00 00 00 00 
20    13 66 04 01 05 00 00 00 00 00 00 00 01 00 12 03 
30    01 00 00 00 00 00 00 00 00 00 00 00 00 00 00 00 
40    00 00 00 00 00 00 00 00 00 00 00 00 00 00 00 00 
50    00 00 00 00 00 00 00 00 00 00 00 00 00 00 00 00 
60    00 68 00 6c 00 00 00 00 00 00 00 00 00 00 00 00 
70    00 01 00 00 04 04 00 00 00 00 00 00 00 00 00 00 
80    00 00 00 00 00 00 00 00 00 00 00 00 00 00 00 00 
90    00 00 00 00 00 00 00 00 00 00 00 00 00 00 00 00 
A0    00 00 00 00 00 00 00 00 00 00 00 00 00 00 00 00 
B0    00 00 00 00 00 00 00 00 00 00 00 00 00 00 00 00 
C0    00 00 00 00 00 00 00 00 00 00 00 00 00 00 00 00 
D0    00 00 00 00 00 00 00 00 00 00 00 00 00 00 00 00 
E0    00 00 00 00 00 00 00 00 00 00 00 00 00 00 00 00 
F0    00 00 00 00 00 00 00 00 00 00 00 00 00 00 00 00 

---------------         SPI                  ----------------
      00 01 02 03 04 05 06 07 08 09 0A 0B 0C 0D 0E 0F

00    00 00 00 00 00 00 00 13 00 00 00 00 00 00 00 00 
10    00 00 00 00 00 00 00 00 00 00 00 00 00 00 00 00 
20    13 66 04 01 05 00 00 00 00 00 00 00 01 00 12 03 
30    00 00 00 00 00 00 00 00 00 00 00 00 00 00 00 00 
40    00 00 00 00 00 00 00 00 00 00 00 00 00 00 00 00 
50    00 00 00 00 00 00 00 00 00 00 00 00 00 00 00 00 
60    03 00 00 00 00 00 00 00 00 00 00 00 00 00 00 00 
70    00 02 00 00 04 04 00 00 00 00 00 00 00 00 00 00 
80    00 00 00 00 00 00 00 00 00 00 00 00 00 00 00 00 
90    00 00 00 00 00 00 00 00 00 00 00 00 00 00 00 00 
A0    00 00 00 00 00 00 00 00 00 00 00 00 00 00 00 00 
B0    00 00 00 00 00 00 00 00 00 00 00 00 00 00 00 00 
C0    00 00 00 00 00 00 00 00 00 00 00 00 00 00 00 00 
D0    00 00 00 00 00 00 00 00 00 00 00 00 00 00 00 00 
E0    00 00 00 00 00 00 00 00 00 00 00 00 00 00 00 00 
F0    00 00 00 00 00 00 00 00 00 00 00 00 00 00 00 00 

---------------         PECI               ----------------
      00 01 02 03 04 05 06 07 08 09 0A 0B 0C 0D 0E 0F

00    00 00 00 00 00 00 00 14 00 00 00 00 00 00 00 00 
10    00 00 00 00 00 00 00 00 00 00 00 00 00 00 00 00 
20    13 66 04 01 05 00 00 00 00 00 00 00 01 00 12 03 
30    00 00 00 00 00 00 00 00 00 00 00 00 00 00 00 00 
40    00 00 00 00 00 00 00 00 00 00 00 00 00 00 00 00 
50    00 00 00 00 00 00 00 00 00 00 00 00 00 00 00 00 
60    00 00 00 00 00 00 00 00 00 00 00 00 00 00 00 00 
70    00 00 00 00 04 04 00 00 00 00 00 00 00 00 00 00 
80    00 00 00 00 00 00 00 00 00 00 00 00 00 00 00 00 
90    00 00 00 00 00 00 00 00 00 00 00 00 00 00 00 00 
A0    00 00 00 00 00 00 00 00 00 00 00 00 00 00 00 00 
B0    00 00 00 00 00 00 00 00 00 00 00 00 00 00 00 00 
C0    00 00 00 00 00 00 00 00 00 00 00 00 00 00 00 00 
D0    00 00 00 00 00 00 00 00 00 00 00 00 00 00 00 00 
E0    00 00 00 00 00 00 00 00 00 00 00 00 00 00 00 00 
F0    00 00 00 00 00 00 00 00 00 00 00 00 00 00 00 00 

---------------         PMC3            ----------------
      00 01 02 03 04 05 06 07 08 09 0A 0B 0C 0D 0E 0F

00    00 00 00 00 00 00 00 17 00 00 00 00 00 00 00 00 
10    00 00 00 00 00 00 00 00 00 00 00 00 00 00 00 00 
20    13 66 04 01 05 00 00 00 00 00 00 00 01 00 12 03 
30    01 00 00 00 00 00 00 00 00 00 00 00 00 00 00 00 
40    00 00 00 00 00 00 00 00 00 00 00 00 00 00 00 00 
50    00 00 00 00 00 00 00 00 00 00 00 00 00 00 00 00 
60    06 a0 06 a4 00 00 00 00 00 00 00 00 00 00 00 00 
70    00 01 00 00 04 04 00 00 00 00 00 00 00 00 00 00 
80    00 00 00 00 00 00 00 00 00 00 00 00 00 00 00 00 
90    00 00 00 00 00 00 00 00 00 00 00 00 00 00 00 00 
A0    00 00 00 00 00 00 00 00 00 00 00 00 00 00 00 00 
B0    00 00 00 00 00 00 00 00 00 00 00 00 00 00 00 00 
C0    00 00 00 00 00 00 00 00 00 00 00 00 00 00 00 00 
D0    00 00 00 00 00 00 00 00 00 00 00 00 00 00 00 00 
E0    00 00 00 00 00 00 00 00 00 00 00 00 00 00 00 00 
F0    00 00 00 00 00 00 00 00 00 00 00 00 00 00 00 00 

---------------         PMC4            ----------------
      00 01 02 03 04 05 06 07 08 09 0A 0B 0C 0D 0E 0F

00    00 00 00 00 00 00 00 18 00 00 00 00 00 00 00 00 
10    00 00 00 00 00 00 00 00 00 00 00 00 00 00 00 00 
20    13 66 04 01 05 00 00 00 00 00 00 00 01 00 12 03 
30    01 00 00 00 00 00 00 00 00 00 00 00 00 00 00 00 
40    00 00 00 00 00 00 00 00 00 00 00 00 00 00 00 00 
50    00 00 00 00 00 00 00 00 00 00 00 00 00 00 00 00 
60    00 6a 00 6e 00 00 00 00 00 00 00 00 00 00 00 00 
70    00 01 00 00 04 04 00 00 00 00 00 00 00 00 00 00 
80    00 00 00 00 00 00 00 00 00 00 00 00 00 00 00 00 
90    00 00 00 00 00 00 00 00 00 00 00 00 00 00 00 00 
A0    00 00 00 00 00 00 00 00 00 00 00 00 00 00 00 00 
B0    00 00 00 00 00 00 00 00 00 00 00 00 00 00 00 00 
C0    00 00 00 00 00 00 00 00 00 00 00 00 00 00 00 00 
D0    00 00 00 00 00 00 00 00 00 00 00 00 00 00 00 00 
E0    00 00 00 00 00 00 00 00 00 00 00 00 00 00 00 00 
F0    00 00 00 00 00 00 00 00 00 00 00 00 00 00 00 00 

---------------         PMC5            ----------------
      00 01 02 03 04 05 06 07 08 09 0A 0B 0C 0D 0E 0F

00    00 00 00 00 00 00 00 19 00 00 00 00 00 00 00 00 
10    00 00 00 00 00 00 00 00 00 00 00 00 00 00 00 00 
20    13 66 04 01 05 00 00 00 00 00 00 00 01 00 12 03 
30    00 00 00 00 00 00 00 00 00 00 00 00 00 00 00 00 
40    00 00 00 00 00 00 00 00 00 00 00 00 00 00 00 00 
50    00 00 00 00 00 00 00 00 00 00 00 00 00 00 00 00 
60    00 7a 00 7c 00 00 00 00 00 00 00 00 00 00 00 00 
70    01 01 00 00 04 04 00 00 00 00 00 00 00 00 00 00 
80    00 00 00 00 00 00 00 00 00 00 00 00 00 00 00 00 
90    00 00 00 00 00 00 00 00 00 00 00 00 00 00 00 00 
A0    00 00 00 00 00 00 00 00 00 00 00 00 00 00 00 00 
B0    00 00 00 00 00 00 00 00 00 00 00 00 00 00 00 00 
C0    00 00 00 00 00 00 00 00 00 00 00 00 00 00 00 00 
D0    00 00 00 00 00 00 00 00 00 00 00 00 00 00 00 00 
E0    00 00 00 00 00 00 00 00 00 00 00 00 00 00 00 00 
F0    00 00 00 00 00 00 00 00 00 00 00 00 00 00 00 00 

---------------         CAN_BUS     ----------------
      00 01 02 03 04 05 06 07 08 09 0A 0B 0C 0D 0E 0F

00    00 00 00 00 00 00 00 1a 00 00 00 00 00 00 00 00 
10    00 00 00 00 00 00 00 00 00 00 00 00 00 00 00 00 
20    13 66 04 01 05 00 00 00 00 00 00 00 01 00 12 03 
30    00 00 00 00 00 00 00 00 00 00 00 00 00 00 00 00 
40    00 00 00 00 00 00 00 00 00 00 00 00 00 00 00 00 
50    00 00 00 00 00 00 00 00 00 00 00 00 00 00 00 00 
60    00 00 00 00 00 00 00 00 00 00 00 00 00 00 00 00 
70    00 00 00 00 00 00 00 00 00 00 00 00 00 00 00 00 
80    00 00 00 00 00 00 00 00 00 00 00 00 00 00 00 00 
90    00 00 00 00 00 00 00 00 00 00 00 00 00 00 00 00 
A0    00 00 00 00 00 00 00 00 00 00 00 00 00 00 00 00 
B0    00 00 00 00 00 00 00 00 00 00 00 00 00 00 00 00 
C0    00 00 00 00 00 00 00 00 00 00 00 00 00 00 00 00 
D0    00 00 00 00 00 00 00 00 00 00 00 00 00 00 00 00 
E0    00 00 00 00 00 00 00 00 00 00 00 00 00 00 00 00 
F0    00 00 00 00 00 00 00 00 00 00 00 00 00 00 00 00 

